ID,state
14000,Pain
14001,Tears
14002,Despair
14003,Pain
14004,Death
14005,Fatigue
14006,Anxiety
14007,Fatigue
14008,Fatigue
14009,Pain
14010,Dread
14011,Tears
14012,Nausea
14013,Dread
14014,Pain
14015,Stress
14016,Pain
14017,Fatigue
14018,Fatigue
14019,Fatigue
14020,Dread
14021,Nausea
14022,Pain
14023,Pain
14024,Despair
14025,Nausea
14026,Despair
14027,Fatigue
14028,Anxiety
14029,Fatigue
14030,Nausea
14031,Stress
14032,Worthlessness
14033,Fatigue
14034,Tears
14035,Despair
14036,Nausea
14037,Despair
14038,Pain
14039,Worthlessness
14040,Worthlessness
14041,Death
14042,Death
14043,Fatigue
14044,Nausea
14045,Dread
14046,Tears
14047,Worthlessness
14048,Anxiety
14049,Dread
14050,Stress
14051,Dread
14052,Tears
14053,Tears
14054,Death
14055,Stress
14056,Fatigue
14057,Pain
14058,Nausea
14059,Nausea
14060,Death
14061,Death
14062,Despair
14063,Stress
14064,Tears
14065,Dread
14066,Death
14067,Fatigue
14068,Nausea
14069,Stress
14070,Worthlessness
14071,Despair
14072,Dread
14073,Nausea
14074,Despair
14075,Death
14076,Fatigue
14077,Worthlessness
14078,Pain
14079,Tears
14080,Worthlessness
14081,Anxiety
14082,Worthlessness
14083,Fatigue
14084,Stress
14085,Fatigue
14086,Worthlessness
14087,Tears
14088,Anxiety
14089,Stress
14090,Anxiety
14091,Fatigue
14092,Pain
14093,Nausea
14094,Pain
14095,Tears
14096,Death
14097,Nausea
14098,Death
14099,Dread
14100,Nausea
14101,Pain
14102,Tears
14103,Pain
14104,Anxiety
14105,Stress
14106,Despair
14107,Fatigue
14108,Tears
14109,Pain
14110,Pain
14111,Nausea
14112,Nausea
14113,Dread
14114,Pain
14115,Tears
14116,Death
14117,Fatigue
14118,Stress
14119,Fatigue
14120,Worthlessness
14121,Anxiety
14122,Despair
14123,Nausea
14124,Stress
14125,Anxiety
14126,Nausea
14127,Worthlessness
14128,Stress
14129,Stress
14130,Tears
14131,Fatigue
14132,Tears
14133,Nausea
14134,Anxiety
14135,Despair
14136,Nausea
14137,Pain
14138,Worthlessness
14139,Death
14140,Anxiety
14141,Nausea
14142,Anxiety
14143,Anxiety
14144,Nausea
14145,Stress
14146,Stress
14147,Death
14148,Tears
14149,Fatigue
14150,Fatigue
14151,Death
14152,Pain
14153,Worthlessness
14154,Death
14155,Fatigue
14156,Death
14157,Anxiety
14158,Nausea
14159,Anxiety
14160,Anxiety
14161,Tears
14162,Death
14163,Worthlessness
14164,Dread
14165,Despair
14166,Stress
14167,Tears
14168,Tears
14169,Despair
14170,Death
14171,Tears
14172,Tears
14173,Pain
14174,Pain
14175,Tears
14176,Worthlessness
14177,Anxiety
14178,Anxiety
14179,Tears
14180,Dread
14181,Nausea
14182,Pain
14183,Worthlessness
14184,Fatigue
14185,Despair
14186,Fatigue
14187,Stress
14188,Fatigue
14189,Despair
14190,Anxiety
14191,Worthlessness
14192,Dread
14193,Tears
14194,Death
14195,Death
14196,Fatigue
14197,Despair
14198,Dread
14199,Dread
14200,Fatigue
14201,Nausea
14202,Stress
14203,Tears
14204,Pain
14205,Despair
14206,Death
14207,Despair
14208,Pain
14209,Stress
14210,Dread
14211,Pain
14212,Worthlessness
14213,Worthlessness
14214,Fatigue
14215,Tears
14216,Anxiety
14217,Worthlessness
14218,Dread
14219,Pain
14220,Despair
14221,Despair
14222,Dread
14223,Pain
14224,Despair
14225,Dread
14226,Fatigue
14227,Dread
14228,Tears
14229,Stress
14230,Dread
14231,Stress
14232,Nausea
14233,Nausea
14234,Worthlessness
14235,Tears
14236,Worthlessness
14237,Tears
14238,Dread
14239,Despair
14240,Nausea
14241,Anxiety
14242,Nausea
14243,Despair
14244,Tears
14245,Despair
14246,Pain
14247,Worthlessness
14248,Despair
14249,Stress
14250,Fatigue
14251,Tears
14252,Tears
14253,Worthlessness
14254,Anxiety
14255,Death
14256,Worthlessness
14257,Tears
14258,Despair
14259,Tears
14260,Despair
14261,Anxiety
14262,Death
14263,Pain
14264,Pain
14265,Fatigue
14266,Dread
14267,Nausea
14268,Worthlessness
14269,Tears
14270,Pain
14271,Nausea
14272,Worthlessness
14273,Fatigue
14274,Dread
14275,Fatigue
14276,Despair
14277,Anxiety
14278,Worthlessness
14279,Dread
14280,Dread
14281,Stress
14282,Nausea
14283,Tears
14284,Death
14285,Despair
14286,Worthlessness
14287,Despair
14288,Anxiety
14289,Tears
14290,Pain
14291,Worthlessness
14292,Anxiety
14293,Tears
14294,Despair
14295,Pain
14296,Despair
14297,Despair
14298,Death
14299,Despair
14300,Death
14301,Despair
14302,Despair
14303,Nausea
14304,Worthlessness
14305,Nausea
14306,Dread
14307,Fatigue
14308,Stress
14309,Fatigue
14310,Stress
14311,Death
14312,Fatigue
14313,Despair
14314,Fatigue
14315,Pain
14316,Nausea
14317,Anxiety
14318,Pain
14319,Tears
14320,Fatigue
14321,Worthlessness
14322,Fatigue
14323,Stress
14324,Despair
14325,Worthlessness
14326,Fatigue
14327,Despair
14328,Fatigue
14329,Dread
14330,Fatigue
14331,Dread
14332,Tears
14333,Fatigue
14334,Despair
14335,Nausea
14336,Anxiety
14337,Fatigue
14338,Dread
14339,Despair
14340,Fatigue
14341,Pain
14342,Nausea
14343,Worthlessness
14344,Despair
14345,Death
14346,Fatigue
14347,Stress
14348,Fatigue
14349,Stress
14350,Death
14351,Despair
14352,Despair
14353,Stress
14354,Death
14355,Pain
14356,Pain
14357,Death
14358,Worthlessness
14359,Pain
14360,Tears
14361,Despair
14362,Anxiety
14363,Nausea
14364,Stress
14365,Dread
14366,Fatigue
14367,Anxiety
14368,Dread
14369,Worthlessness
14370,Anxiety
14371,Stress
14372,Death
14373,Death
14374,Death
14375,Fatigue
14376,Despair
14377,Despair
14378,Despair
14379,Nausea
14380,Despair
14381,Anxiety
14382,Anxiety
14383,Fatigue
14384,Dread
14385,Death
14386,Despair
14387,Fatigue
14388,Anxiety
14389,Stress
14390,Anxiety
14391,Death
14392,Worthlessness
14393,Worthlessness
14394,Nausea
14395,Pain
14396,Worthlessness
14397,Worthlessness
14398,Death
14399,Death
14400,Pain
14401,Worthlessness
14402,Anxiety
14403,Pain
14404,Anxiety
14405,Fatigue
14406,Worthlessness
14407,Death
14408,Pain
14409,Worthlessness
14410,Tears
14411,Stress
14412,Tears
14413,Stress
14414,Dread
14415,Pain
14416,Fatigue
14417,Despair
14418,Stress
14419,Fatigue
14420,Death
14421,Nausea
14422,Nausea
14423,Dread
14424,Fatigue
14425,Pain
14426,Despair
14427,Pain
14428,Pain
14429,Nausea
14430,Fatigue
14431,Tears
14432,Tears
14433,Tears
14434,Despair
14435,Worthlessness
14436,Tears
14437,Dread
14438,Despair
14439,Dread
14440,Fatigue
14441,Worthlessness
14442,Fatigue
14443,Dread
14444,Fatigue
14445,Anxiety
14446,Worthlessness
14447,Tears
14448,Stress
14449,Anxiety
14450,Tears
14451,Dread
14452,Tears
14453,Tears
14454,Anxiety
14455,Dread
14456,Despair
14457,Tears
14458,Worthlessness
14459,Anxiety
14460,Pain
14461,Stress
14462,Tears
14463,Despair
14464,Pain
14465,Tears
14466,Dread
14467,Stress
14468,Despair
14469,Fatigue
14470,Despair
14471,Fatigue
14472,Pain
14473,Fatigue
14474,Anxiety
14475,Tears
14476,Tears
14477,Dread
14478,Nausea
14479,Tears
14480,Fatigue
14481,Anxiety
14482,Nausea
14483,Fatigue
14484,Despair
14485,Tears
14486,Worthlessness
14487,Death
14488,Anxiety
14489,Nausea
14490,Worthlessness
14491,Despair
14492,Anxiety
14493,Pain
14494,Despair
14495,Worthlessness
14496,Despair
14497,Anxiety
14498,Death
14499,Despair
14500,Death
14501,Tears
14502,Anxiety
14503,Fatigue
14504,Death
14505,Anxiety
14506,Nausea
14507,Fatigue
14508,Worthlessness
14509,Anxiety
14510,Death
14511,Nausea
14512,Death
14513,Tears
14514,Tears
14515,Worthlessness
14516,Worthlessness
14517,Worthlessness
14518,Worthlessness
14519,Nausea
14520,Nausea
14521,Fatigue
14522,Nausea
14523,Death
14524,Tears
14525,Nausea
14526,Fatigue
14527,Fatigue
14528,Death
14529,Death
14530,Nausea
14531,Nausea
14532,Stress
14533,Anxiety
14534,Worthlessness
14535,Fatigue
14536,Anxiety
14537,Nausea
14538,Dread
14539,Tears
14540,Pain
14541,Despair
14542,Tears
14543,Dread
14544,Stress
14545,Fatigue
14546,Death
14547,Fatigue
14548,Despair
14549,Anxiety
14550,Tears
14551,Nausea
14552,Nausea
14553,Stress
14554,Dread
14555,Despair
14556,Despair
14557,Death
14558,Death
14559,Tears
14560,Stress
14561,Death
14562,Worthlessness
14563,Death
14564,Fatigue
14565,Despair
14566,Nausea
14567,Death
14568,Pain
14569,Fatigue
14570,Fatigue
14571,Despair
14572,Fatigue
14573,Fatigue
14574,Stress
14575,Anxiety
14576,Stress
14577,Fatigue
14578,Tears
14579,Anxiety
14580,Nausea
14581,Anxiety
14582,Anxiety
14583,Nausea
14584,Stress
14585,Worthlessness
14586,Nausea
14587,Anxiety
14588,Anxiety
14589,Fatigue
14590,Fatigue
14591,Stress
14592,Nausea
14593,Fatigue
14594,Worthlessness
14595,Fatigue
14596,Stress
14597,Fatigue
14598,Fatigue
14599,Despair
14600,Stress
14601,Despair
14602,Death
14603,Tears
14604,Pain
14605,Pain
14606,Pain
14607,Tears
14608,Worthlessness
14609,Despair
14610,Worthlessness
14611,Tears
14612,Worthlessness
14613,Stress
14614,Anxiety
14615,Pain
14616,Dread
14617,Nausea
14618,Dread
14619,Nausea
14620,Anxiety
14621,Anxiety
14622,Worthlessness
14623,Pain
14624,Nausea
14625,Tears
14626,Stress
14627,Worthlessness
14628,Tears
14629,Death
14630,Death
14631,Death
14632,Anxiety
14633,Stress
14634,Anxiety
14635,Anxiety
14636,Death
14637,Fatigue
14638,Pain
14639,Anxiety
14640,Worthlessness
14641,Worthlessness
14642,Fatigue
14643,Nausea
14644,Worthlessness
14645,Anxiety
14646,Stress
14647,Tears
14648,Tears
14649,Worthlessness
14650,Death
14651,Worthlessness
14652,Despair
14653,Despair
14654,Tears
14655,Dread
14656,Worthlessness
14657,Pain
14658,Tears
14659,Stress
14660,Death
14661,Tears
14662,Worthlessness
14663,Tears
14664,Nausea
14665,Stress
14666,Anxiety
14667,Nausea
14668,Tears
14669,Stress
14670,Death
14671,Dread
14672,Tears
14673,Stress
14674,Stress
14675,Despair
14676,Death
14677,Pain
14678,Dread
14679,Anxiety
14680,Worthlessness
14681,Dread
14682,Dread
14683,Worthlessness
14684,Dread
14685,Worthlessness
14686,Worthlessness
14687,Nausea
14688,Stress
14689,Tears
14690,Fatigue
14691,Dread
14692,Anxiety
14693,Death
14694,Nausea
14695,Anxiety
14696,Pain
14697,Tears
14698,Nausea
14699,Stress
14700,Death
14701,Tears
14702,Despair
14703,Tears
14704,Worthlessness
14705,Nausea
14706,Fatigue
14707,Despair
14708,Despair
14709,Pain
14710,Despair
14711,Despair
14712,Tears
14713,Worthlessness
14714,Pain
14715,Despair
14716,Dread
14717,Pain
14718,Anxiety
14719,Stress
14720,Death
14721,Dread
14722,Despair
14723,Tears
14724,Fatigue
14725,Death
14726,Death
14727,Anxiety
14728,Fatigue
14729,Stress
14730,Fatigue
14731,Anxiety
14732,Despair
14733,Fatigue
14734,Pain
14735,Dread
14736,Pain
14737,Anxiety
14738,Tears
14739,Tears
14740,Fatigue
14741,Dread
14742,Death
14743,Despair
14744,Fatigue
14745,Worthlessness
14746,Tears
14747,Fatigue
14748,Fatigue
14749,Tears
14750,Worthlessness
14751,Worthlessness
14752,Tears
14753,Worthlessness
14754,Dread
14755,Despair
14756,Tears
14757,Stress
14758,Nausea
14759,Tears
14760,Anxiety
14761,Fatigue
14762,Anxiety
14763,Death
14764,Dread
14765,Dread
14766,Death
14767,Stress
14768,Nausea
14769,Nausea
14770,Fatigue
14771,Nausea
14772,Anxiety
14773,Pain
14774,Fatigue
14775,Stress
14776,Nausea
14777,Tears
14778,Despair
14779,Fatigue
14780,Anxiety
14781,Tears
14782,Anxiety
14783,Dread
14784,Dread
14785,Stress
14786,Worthlessness
14787,Anxiety
14788,Dread
14789,Pain
14790,Despair
14791,Death
14792,Despair
14793,Nausea
14794,Despair
14795,Dread
14796,Dread
14797,Death
14798,Despair
14799,Nausea
14800,Fatigue
14801,Stress
14802,Tears
14803,Worthlessness
14804,Anxiety
14805,Dread
14806,Worthlessness
14807,Dread
14808,Nausea
14809,Fatigue
14810,Nausea
14811,Dread
14812,Stress
14813,Anxiety
14814,Despair
14815,Anxiety
14816,Dread
14817,Worthlessness
14818,Pain
14819,Fatigue
14820,Fatigue
14821,Tears
14822,Despair
14823,Anxiety
14824,Dread
14825,Despair
14826,Death
14827,Anxiety
14828,Pain
14829,Despair
14830,Tears
14831,Anxiety
14832,Worthlessness
14833,Despair
14834,Despair
14835,Tears
14836,Tears
14837,Worthlessness
14838,Dread
14839,Fatigue
14840,Dread
14841,Despair
14842,Fatigue
14843,Fatigue
14844,Stress
14845,Death
14846,Dread
14847,Anxiety
14848,Despair
14849,Anxiety
14850,Stress
14851,Pain
14852,Stress
14853,Nausea
14854,Fatigue
14855,Anxiety
14856,Anxiety
14857,Anxiety
14858,Anxiety
14859,Nausea
14860,Death
14861,Dread
14862,Worthlessness
14863,Fatigue
14864,Death
14865,Despair
14866,Tears
14867,Dread
14868,Stress
14869,Despair
14870,Nausea
14871,Anxiety
14872,Stress
14873,Pain
14874,Nausea
14875,Worthlessness
14876,Death
14877,Despair
14878,Pain
14879,Anxiety
14880,Nausea
14881,Tears
14882,Death
14883,Death
14884,Dread
14885,Despair
14886,Fatigue
14887,Fatigue
14888,Fatigue
14889,Despair
14890,Tears
14891,Anxiety
14892,Despair
14893,Pain
14894,Tears
14895,Pain
14896,Worthlessness
14897,Nausea
14898,Tears
14899,Worthlessness
14900,Death
14901,Pain
14902,Anxiety
14903,Worthlessness
14904,Worthlessness
14905,Nausea
14906,Stress
14907,Worthlessness
14908,Nausea
14909,Anxiety
14910,Nausea
14911,Stress
14912,Worthlessness
14913,Despair
14914,Anxiety
14915,Fatigue
14916,Pain
14917,Death
14918,Fatigue
14919,Anxiety
14920,Dread
14921,Worthlessness
14922,Pain
14923,Stress
14924,Pain
14925,Anxiety
14926,Tears
14927,Pain
14928,Nausea
14929,Tears
14930,Dread
14931,Dread
14932,Anxiety
14933,Dread
14934,Stress
14935,Death
14936,Stress
14937,Despair
14938,Stress
14939,Nausea
14940,Pain
14941,Pain
14942,Despair
14943,Anxiety
14944,Anxiety
14945,Tears
14946,Fatigue
14947,Worthlessness
14948,Worthlessness
14949,Stress
14950,Nausea
14951,Anxiety
14952,Pain
14953,Worthlessness
14954,Despair
14955,Stress
14956,Stress
14957,Anxiety
14958,Fatigue
14959,Fatigue
14960,Death
14961,Despair
14962,Death
14963,Worthlessness
14964,Nausea
14965,Pain
14966,Fatigue
14967,Anxiety
14968,Fatigue
14969,Fatigue
14970,Fatigue
14971,Dread
14972,Dread
14973,Tears
14974,Despair
14975,Fatigue
14976,Stress
14977,Death
14978,Pain
14979,Pain
14980,Nausea
14981,Nausea
14982,Tears
14983,Anxiety
14984,Anxiety
14985,Death
14986,Worthlessness
14987,Nausea
14988,Anxiety
14989,Tears
14990,Worthlessness
14991,Despair
14992,Dread
14993,Fatigue
14994,Despair
14995,Death
14996,Nausea
14997,Worthlessness
14998,Pain
14999,Anxiety
15000,Worthlessness
15001,Anxiety
15002,Stress
15003,Death
15004,Pain
15005,Anxiety
15006,Fatigue
15007,Fatigue
15008,Nausea
15009,Pain
15010,Death
15011,Tears
15012,Death
15013,Pain
15014,Death
15015,Dread
15016,Pain
15017,Anxiety
15018,Despair
15019,Worthlessness
15020,Worthlessness
15021,Tears
15022,Dread
15023,Stress
15024,Anxiety
15025,Fatigue
15026,Death
15027,Fatigue
15028,Tears
15029,Anxiety
15030,Stress
15031,Tears
15032,Anxiety
15033,Tears
15034,Worthlessness
15035,Tears
15036,Death
15037,Death
15038,Worthlessness
15039,Worthlessness
15040,Worthlessness
15041,Pain
15042,Death
15043,Tears
15044,Stress
15045,Tears
15046,Fatigue
15047,Stress
15048,Despair
15049,Despair
15050,Fatigue
15051,Stress
15052,Death
15053,Fatigue
15054,Stress
15055,Fatigue
15056,Despair
15057,Fatigue
15058,Stress
15059,Pain
15060,Nausea
15061,Tears
15062,Fatigue
15063,Death
15064,Worthlessness
15065,Pain
15066,Fatigue
15067,Stress
15068,Nausea
15069,Anxiety
15070,Despair
15071,Dread
15072,Despair
15073,Tears
15074,Despair
15075,Stress
15076,Death
15077,Worthlessness
15078,Fatigue
15079,Anxiety
15080,Stress
15081,Death
15082,Dread
15083,Anxiety
15084,Nausea
15085,Dread
15086,Dread
15087,Death
15088,Despair
15089,Stress
15090,Dread
15091,Fatigue
15092,Despair
15093,Stress
15094,Pain
15095,Pain
15096,Nausea
15097,Anxiety
15098,Dread
15099,Worthlessness
15100,Despair
15101,Death
15102,Anxiety
15103,Pain
15104,Despair
15105,Stress
15106,Dread
15107,Worthlessness
15108,Fatigue
15109,Despair
15110,Stress
15111,Pain
15112,Fatigue
15113,Worthlessness
15114,Anxiety
15115,Dread
15116,Anxiety
15117,Pain
15118,Worthlessness
15119,Anxiety
15120,Worthlessness
15121,Anxiety
15122,Pain
15123,Tears
15124,Fatigue
15125,Dread
15126,Pain
15127,Dread
15128,Tears
15129,Dread
15130,Pain
15131,Stress
15132,Dread
15133,Fatigue
15134,Fatigue
15135,Stress
15136,Stress
15137,Nausea
15138,Nausea
15139,Pain
15140,Despair
15141,Fatigue
15142,Nausea
15143,Stress
15144,Nausea
15145,Worthlessness
15146,Nausea
15147,Stress
15148,Anxiety
15149,Dread
15150,Death
15151,Worthlessness
15152,Pain
15153,Fatigue
15154,Fatigue
15155,Stress
15156,Death
15157,Stress
15158,Death
15159,Anxiety
15160,Nausea
15161,Nausea
15162,Fatigue
15163,Despair
15164,Pain
15165,Dread
15166,Stress
15167,Tears
15168,Worthlessness
15169,Anxiety
15170,Pain
15171,Anxiety
15172,Stress
15173,Nausea
15174,Worthlessness
15175,Death
15176,Fatigue
15177,Death
15178,Anxiety
15179,Tears
15180,Anxiety
15181,Fatigue
15182,Worthlessness
15183,Pain
15184,Worthlessness
15185,Tears
15186,Despair
15187,Stress
15188,Worthlessness
15189,Pain
15190,Stress
15191,Death
15192,Death
15193,Worthlessness
15194,Worthlessness
15195,Stress
15196,Fatigue
15197,Nausea
15198,Despair
15199,Stress
15200,Tears
15201,Death
15202,Fatigue
15203,Stress
15204,Nausea
15205,Anxiety
15206,Tears
15207,Pain
15208,Worthlessness
15209,Death
15210,Despair
15211,Worthlessness
15212,Death
15213,Tears
15214,Tears
15215,Anxiety
15216,Dread
15217,Pain
15218,Pain
15219,Nausea
15220,Dread
15221,Anxiety
15222,Anxiety
15223,Stress
15224,Dread
15225,Death
15226,Fatigue
15227,Fatigue
15228,Pain
15229,Worthlessness
15230,Tears
15231,Tears
15232,Tears
15233,Pain
15234,Death
15235,Death
15236,Pain
15237,Anxiety
15238,Dread
15239,Fatigue
15240,Nausea
15241,Despair
15242,Nausea
15243,Dread
15244,Pain
15245,Fatigue
15246,Fatigue
15247,Worthlessness
15248,Nausea
15249,Death
15250,Anxiety
15251,Nausea
15252,Nausea
15253,Dread
15254,Fatigue
15255,Anxiety
15256,Anxiety
15257,Nausea
15258,Tears
15259,Worthlessness
15260,Stress
15261,Death
15262,Stress
15263,Pain
15264,Fatigue
15265,Death
15266,Despair
15267,Nausea
15268,Dread
15269,Fatigue
15270,Worthlessness
15271,Despair
15272,Dread
15273,Dread
15274,Nausea
15275,Anxiety
15276,Nausea
15277,Anxiety
15278,Death
15279,Fatigue
15280,Despair
15281,Fatigue
15282,Despair
15283,Pain
15284,Tears
15285,Worthlessness
15286,Despair
15287,Nausea
15288,Pain
15289,Fatigue
15290,Nausea
15291,Nausea
15292,Tears
15293,Anxiety
15294,Fatigue
15295,Despair
15296,Nausea
15297,Nausea
15298,Nausea
15299,Dread
15300,Tears
15301,Stress
15302,Nausea
15303,Tears
15304,Despair
15305,Pain
15306,Despair
15307,Stress
15308,Fatigue
15309,Fatigue
15310,Tears
15311,Fatigue
15312,Despair
15313,Dread
15314,Worthlessness
15315,Dread
15316,Stress
15317,Worthlessness
15318,Dread
15319,Nausea
15320,Pain
15321,Worthlessness
15322,Fatigue
15323,Worthlessness
15324,Despair
15325,Tears
15326,Despair
15327,Dread
15328,Despair
15329,Dread
15330,Pain
15331,Pain
15332,Stress
15333,Worthlessness
15334,Nausea
15335,Pain
15336,Despair
15337,Anxiety
15338,Tears
15339,Pain
15340,Nausea
15341,Pain
15342,Nausea
15343,Tears
15344,Death
15345,Pain
15346,Anxiety
15347,Fatigue
15348,Despair
15349,Despair
15350,Despair
15351,Fatigue
15352,Fatigue
15353,Fatigue
15354,Anxiety
15355,Pain
15356,Despair
15357,Stress
15358,Tears
15359,Nausea
15360,Stress
15361,Anxiety
15362,Dread
15363,Pain
15364,Fatigue
15365,Tears
15366,Tears
15367,Worthlessness
15368,Stress
15369,Despair
15370,Fatigue
15371,Stress
15372,Fatigue
15373,Pain
15374,Nausea
15375,Anxiety
15376,Dread
15377,Stress
15378,Death
15379,Death
15380,Stress
15381,Dread
15382,Tears
15383,Anxiety
15384,Stress
15385,Death
15386,Tears
15387,Worthlessness
15388,Tears
15389,Stress
15390,Death
15391,Anxiety
15392,Despair
15393,Anxiety
15394,Death
15395,Fatigue
15396,Worthlessness
15397,Worthlessness
15398,Pain
15399,Stress
15400,Dread
15401,Fatigue
15402,Fatigue
15403,Despair
15404,Despair
15405,Tears
15406,Tears
15407,Despair
15408,Worthlessness
15409,Pain
15410,Dread
15411,Nausea
15412,Anxiety
15413,Tears
15414,Anxiety
15415,Pain
15416,Worthlessness
15417,Fatigue
15418,Dread
15419,Worthlessness
15420,Worthlessness
15421,Dread
15422,Worthlessness
15423,Tears
15424,Despair
15425,Anxiety
15426,Despair
15427,Tears
15428,Anxiety
15429,Tears
15430,Despair
15431,Stress
15432,Despair
15433,Nausea
15434,Anxiety
15435,Nausea
15436,Dread
15437,Worthlessness
15438,Death
15439,Worthlessness
15440,Fatigue
15441,Worthlessness
15442,Death
15443,Pain
15444,Fatigue
15445,Anxiety
15446,Fatigue
15447,Stress
15448,Despair
15449,Stress
15450,Nausea
15451,Fatigue
15452,Dread
15453,Fatigue
15454,Dread
15455,Fatigue
15456,Worthlessness
15457,Dread
15458,Pain
15459,Fatigue
15460,Pain
15461,Worthlessness
15462,Anxiety
15463,Fatigue
15464,Fatigue
15465,Dread
15466,Anxiety
15467,Stress
15468,Nausea
15469,Dread
15470,Despair
15471,Dread
15472,Anxiety
15473,Despair
15474,Despair
15475,Dread
15476,Dread
15477,Tears
15478,Stress
15479,Despair
15480,Death
15481,Tears
15482,Tears
15483,Tears
15484,Death
15485,Dread
15486,Pain
15487,Pain
15488,Death
15489,Despair
15490,Pain
15491,Dread
15492,Nausea
15493,Worthlessness
15494,Dread
15495,Pain
15496,Nausea
15497,Stress
15498,Fatigue
15499,Tears
15500,Fatigue
15501,Tears
15502,Dread
15503,Pain
15504,Pain
15505,Fatigue
15506,Tears
15507,Fatigue
15508,Anxiety
15509,Fatigue
15510,Stress
15511,Despair
15512,Nausea
15513,Tears
15514,Dread
15515,Death
15516,Nausea
15517,Stress
15518,Worthlessness
15519,Tears
15520,Dread
15521,Nausea
15522,Tears
15523,Tears
15524,Despair
15525,Despair
15526,Death
15527,Anxiety
15528,Despair
15529,Pain
15530,Dread
15531,Despair
15532,Despair
15533,Anxiety
15534,Dread
15535,Stress
15536,Dread
15537,Dread
15538,Despair
15539,Tears
15540,Pain
15541,Pain
15542,Pain
15543,Death
15544,Stress
15545,Tears
15546,Dread
15547,Dread
15548,Pain
15549,Stress
15550,Worthlessness
15551,Nausea
15552,Anxiety
15553,Stress
15554,Fatigue
15555,Fatigue
15556,Worthlessness
15557,Anxiety
15558,Despair
15559,Tears
15560,Worthlessness
15561,Fatigue
15562,Stress
15563,Pain
15564,Anxiety
15565,Fatigue
15566,Stress
15567,Tears
15568,Death
15569,Dread
15570,Nausea
15571,Tears
15572,Dread
15573,Stress
15574,Worthlessness
15575,Anxiety
15576,Stress
15577,Anxiety
15578,Worthlessness
15579,Tears
15580,Anxiety
15581,Despair
15582,Worthlessness
15583,Stress
15584,Tears
15585,Death
15586,Dread
15587,Fatigue
15588,Tears
15589,Death
15590,Dread
15591,Despair
15592,Death
15593,Nausea
15594,Fatigue
15595,Fatigue
15596,Fatigue
15597,Death
15598,Despair
15599,Tears
15600,Dread
15601,Stress
15602,Nausea
15603,Worthlessness
15604,Pain
15605,Stress
15606,Stress
15607,Worthlessness
15608,Pain
15609,Tears
15610,Despair
15611,Dread
15612,Dread
15613,Tears
15614,Pain
15615,Despair
15616,Stress
15617,Fatigue
15618,Fatigue
15619,Worthlessness
15620,Worthlessness
15621,Death
15622,Despair
15623,Tears
15624,Despair
15625,Fatigue
15626,Anxiety
15627,Tears
15628,Stress
15629,Pain
15630,Worthlessness
15631,Despair
15632,Pain
15633,Worthlessness
15634,Dread
15635,Pain
15636,Despair
15637,Pain
15638,Fatigue
15639,Worthlessness
15640,Dread
15641,Worthlessness
15642,Anxiety
15643,Fatigue
15644,Anxiety
15645,Fatigue
15646,Anxiety
15647,Anxiety
15648,Pain
15649,Tears
15650,Fatigue
15651,Nausea
15652,Anxiety
15653,Death
15654,Tears
15655,Stress
15656,Tears
15657,Nausea
15658,Fatigue
15659,Stress
15660,Stress
15661,Anxiety
15662,Fatigue
15663,Dread
15664,Anxiety
15665,Worthlessness
15666,Despair
15667,Stress
15668,Death
15669,Death
15670,Fatigue
15671,Tears
15672,Stress
15673,Fatigue
15674,Pain
15675,Anxiety
15676,Nausea
15677,Fatigue
15678,Death
15679,Pain
15680,Pain
15681,Worthlessness
15682,Dread
15683,Death
15684,Pain
15685,Fatigue
15686,Anxiety
15687,Worthlessness
15688,Death
15689,Nausea
15690,Dread
15691,Pain
15692,Fatigue
15693,Worthlessness
15694,Tears
15695,Despair
15696,Despair
15697,Nausea
15698,Fatigue
15699,Death
15700,Tears
15701,Anxiety
15702,Despair
15703,Worthlessness
15704,Stress
15705,Worthlessness
15706,Tears
15707,Anxiety
15708,Despair
15709,Despair
15710,Anxiety
15711,Anxiety
15712,Pain
15713,Stress
15714,Stress
15715,Anxiety
15716,Death
15717,Despair
15718,Worthlessness
15719,Despair
15720,Anxiety
15721,Worthlessness
15722,Despair
15723,Death
15724,Despair
15725,Anxiety
15726,Fatigue
15727,Pain
15728,Dread
15729,Nausea
15730,Fatigue
15731,Stress
15732,Despair
15733,Despair
15734,Anxiety
15735,Worthlessness
15736,Anxiety
15737,Worthlessness
15738,Tears
15739,Tears
15740,Anxiety
15741,Fatigue
15742,Fatigue
15743,Nausea
15744,Dread
15745,Death
15746,Dread
15747,Death
15748,Fatigue
15749,Fatigue
15750,Death
15751,Anxiety
15752,Worthlessness
15753,Pain
15754,Dread
15755,Despair
15756,Stress
15757,Stress
15758,Dread
15759,Despair
15760,Fatigue
15761,Dread
15762,Tears
15763,Dread
15764,Pain
15765,Despair
15766,Despair
15767,Pain
15768,Worthlessness
15769,Despair
15770,Despair
15771,Tears
15772,Death
15773,Despair
15774,Despair
15775,Despair
15776,Anxiety
15777,Dread
15778,Pain
15779,Death
15780,Worthlessness
15781,Dread
15782,Anxiety
15783,Nausea
15784,Death
15785,Death
15786,Nausea
15787,Fatigue
15788,Anxiety
15789,Stress
15790,Despair
15791,Death
15792,Worthlessness
15793,Anxiety
15794,Fatigue
15795,Worthlessness
15796,Death
15797,Pain
15798,Dread
15799,Despair
15800,Worthlessness
15801,Nausea
15802,Death
15803,Pain
15804,Stress
15805,Death
15806,Tears
15807,Dread
15808,Fatigue
15809,Despair
15810,Stress
15811,Fatigue
15812,Anxiety
15813,Stress
15814,Despair
15815,Anxiety
15816,Pain
15817,Death
15818,Fatigue
15819,Death
15820,Nausea
15821,Death
15822,Death
15823,Pain
15824,Tears
15825,Tears
15826,Anxiety
15827,Anxiety
15828,Death
15829,Dread
15830,Dread
15831,Anxiety
15832,Pain
15833,Anxiety
15834,Worthlessness
15835,Despair
15836,Pain
15837,Anxiety
15838,Pain
15839,Nausea
15840,Pain
15841,Anxiety
15842,Dread
15843,Despair
15844,Stress
15845,Nausea
15846,Stress
15847,Stress
15848,Stress
15849,Pain
15850,Stress
15851,Despair
15852,Dread
15853,Worthlessness
15854,Nausea
15855,Pain
15856,Anxiety
15857,Tears
15858,Stress
15859,Worthlessness
15860,Nausea
15861,Pain
15862,Tears
15863,Fatigue
15864,Pain
15865,Death
15866,Despair
15867,Worthlessness
15868,Despair
15869,Anxiety
15870,Pain
15871,Nausea
15872,Death
15873,Tears
15874,Tears
15875,Despair
15876,Stress
15877,Despair
15878,Death
15879,Nausea
15880,Tears
15881,Nausea
15882,Dread
15883,Tears
15884,Despair
15885,Pain
15886,Anxiety
15887,Nausea
15888,Despair
15889,Pain
15890,Despair
15891,Pain
15892,Dread
15893,Anxiety
15894,Anxiety
15895,Pain
15896,Stress
15897,Anxiety
15898,Tears
15899,Tears
15900,Death
15901,Worthlessness
15902,Death
15903,Anxiety
15904,Worthlessness
15905,Nausea
15906,Anxiety
15907,Despair
15908,Despair
15909,Dread
15910,Stress
15911,Anxiety
15912,Fatigue
15913,Nausea
15914,Anxiety
15915,Stress
15916,Pain
15917,Stress
15918,Nausea
15919,Nausea
15920,Anxiety
15921,Dread
15922,Pain
15923,Pain
15924,Anxiety
15925,Despair
15926,Death
15927,Stress
15928,Pain
15929,Dread
15930,Worthlessness
15931,Tears
15932,Tears
15933,Worthlessness
15934,Worthlessness
15935,Tears
15936,Worthlessness
15937,Pain
15938,Dread
15939,Worthlessness
15940,Nausea
15941,Death
15942,Despair
15943,Dread
15944,Dread
15945,Despair
15946,Despair
15947,Stress
15948,Dread
15949,Tears
15950,Anxiety
15951,Anxiety
15952,Death
15953,Anxiety
15954,Death
15955,Anxiety
15956,Fatigue
15957,Pain
15958,Dread
15959,Worthlessness
15960,Despair
15961,Despair
15962,Stress
15963,Fatigue
15964,Anxiety
15965,Tears
15966,Nausea
15967,Fatigue
15968,Stress
15969,Death
15970,Pain
15971,Stress
15972,Dread
15973,Worthlessness
15974,Death
15975,Tears
15976,Pain
15977,Despair
15978,Nausea
15979,Worthlessness
15980,Fatigue
15981,Stress
15982,Tears
15983,Stress
15984,Anxiety
15985,Despair
15986,Stress
15987,Despair
15988,Fatigue
15989,Pain
15990,Death
15991,Nausea
15992,Fatigue
15993,Pain
15994,Dread
15995,Despair
15996,Anxiety
15997,Stress
15998,Tears
15999,Stress
16000,Dread
16001,Anxiety
16002,Pain
16003,Dread
16004,Fatigue
16005,Tears
16006,Fatigue
16007,Worthlessness
16008,Fatigue
16009,Despair
16010,Death
16011,Dread
16012,Tears
16013,Stress
16014,Stress
16015,Anxiety
16016,Despair
16017,Nausea
16018,Dread
16019,Dread
16020,Anxiety
16021,Fatigue
16022,Dread
16023,Stress
16024,Stress
16025,Tears
16026,Worthlessness
16027,Death
16028,Despair
16029,Death
16030,Fatigue
16031,Death
16032,Worthlessness
16033,Death
16034,Despair
16035,Nausea
16036,Death
16037,Tears
16038,Tears
16039,Tears
16040,Dread
16041,Anxiety
16042,Stress
16043,Anxiety
16044,Despair
16045,Worthlessness
16046,Stress
16047,Pain
16048,Tears
16049,Worthlessness
16050,Death
16051,Nausea
16052,Nausea
16053,Pain
16054,Despair
16055,Worthlessness
16056,Worthlessness
16057,Despair
16058,Despair
16059,Worthlessness
16060,Anxiety
16061,Anxiety
16062,Tears
16063,Fatigue
16064,Pain
16065,Tears
16066,Tears
16067,Stress
16068,Death
16069,Pain
16070,Despair
16071,Death
16072,Dread
16073,Nausea
16074,Stress
16075,Despair
16076,Fatigue
16077,Fatigue
16078,Death
16079,Fatigue
16080,Death
16081,Anxiety
16082,Pain
16083,Death
16084,Nausea
16085,Stress
16086,Fatigue
16087,Worthlessness
16088,Anxiety
16089,Nausea
16090,Fatigue
16091,Despair
16092,Despair
16093,Fatigue
16094,Despair
16095,Nausea
16096,Tears
16097,Fatigue
16098,Pain
16099,Fatigue
16100,Nausea
16101,Anxiety
16102,Nausea
16103,Pain
16104,Anxiety
16105,Despair
16106,Death
16107,Worthlessness
16108,Anxiety
16109,Worthlessness
16110,Pain
16111,Death
16112,Death
16113,Dread
16114,Stress
16115,Death
16116,Worthlessness
16117,Worthlessness
16118,Worthlessness
16119,Worthlessness
16120,Fatigue
16121,Fatigue
16122,Despair
16123,Anxiety
16124,Tears
16125,Despair
16126,Dread
16127,Death
16128,Tears
16129,Dread
16130,Nausea
16131,Tears
16132,Death
16133,Fatigue
16134,Nausea
16135,Worthlessness
16136,Pain
16137,Fatigue
16138,Pain
16139,Despair
16140,Dread
16141,Stress
16142,Despair
16143,Despair
16144,Anxiety
16145,Despair
16146,Worthlessness
16147,Worthlessness
16148,Pain
16149,Worthlessness
16150,Tears
16151,Despair
16152,Worthlessness
16153,Fatigue
16154,Worthlessness
16155,Dread
16156,Anxiety
16157,Fatigue
16158,Death
16159,Pain
16160,Fatigue
16161,Fatigue
16162,Despair
16163,Anxiety
16164,Despair
16165,Fatigue
16166,Stress
16167,Despair
16168,Tears
16169,Worthlessness
16170,Worthlessness
16171,Pain
16172,Fatigue
16173,Pain
16174,Dread
16175,Nausea
16176,Death
16177,Tears
16178,Pain
16179,Fatigue
16180,Nausea
16181,Tears
16182,Worthlessness
16183,Nausea
16184,Pain
16185,Dread
16186,Despair
16187,Fatigue
16188,Nausea
16189,Tears
16190,Stress
16191,Tears
16192,Tears
16193,Fatigue
16194,Stress
16195,Nausea
16196,Dread
16197,Worthlessness
16198,Fatigue
16199,Dread
16200,Nausea
16201,Despair
16202,Nausea
16203,Pain
16204,Tears
16205,Tears
16206,Worthlessness
16207,Fatigue
16208,Fatigue
16209,Despair
16210,Despair
16211,Tears
16212,Nausea
16213,Fatigue
16214,Anxiety
16215,Worthlessness
16216,Death
16217,Nausea
16218,Fatigue
16219,Despair
16220,Stress
16221,Death
16222,Dread
16223,Despair
16224,Stress
16225,Nausea
16226,Pain
16227,Tears
16228,Dread
16229,Stress
16230,Death
16231,Anxiety
16232,Fatigue
16233,Fatigue
16234,Fatigue
16235,Death
16236,Nausea
16237,Tears
16238,Fatigue
16239,Stress
16240,Death
16241,Tears
16242,Tears
16243,Dread
16244,Pain
16245,Anxiety
16246,Pain
16247,Despair
16248,Stress
16249,Stress
16250,Stress
16251,Nausea
16252,Despair
16253,Worthlessness
16254,Pain
16255,Stress
16256,Tears
16257,Worthlessness
16258,Anxiety
16259,Anxiety
16260,Worthlessness
16261,Despair
16262,Dread
16263,Tears
16264,Nausea
16265,Stress
16266,Despair
16267,Pain
16268,Dread
16269,Dread
16270,Dread
16271,Pain
16272,Pain
16273,Stress
16274,Worthlessness
16275,Worthlessness
16276,Stress
16277,Tears
16278,Despair
16279,Worthlessness
16280,Fatigue
16281,Dread
16282,Dread
16283,Nausea
16284,Anxiety
16285,Dread
16286,Anxiety
16287,Fatigue
16288,Stress
16289,Fatigue
16290,Fatigue
16291,Anxiety
16292,Worthlessness
16293,Fatigue
16294,Tears
16295,Worthlessness
16296,Anxiety
16297,Despair
16298,Fatigue
16299,Pain
16300,Death
16301,Tears
16302,Despair
16303,Dread
16304,Tears
16305,Death
16306,Fatigue
16307,Death
16308,Death
16309,Pain
16310,Death
16311,Pain
16312,Anxiety
16313,Pain
16314,Anxiety
16315,Anxiety
16316,Worthlessness
16317,Anxiety
16318,Anxiety
16319,Tears
16320,Pain
16321,Despair
16322,Death
16323,Fatigue
16324,Anxiety
16325,Fatigue
16326,Fatigue
16327,Dread
16328,Tears
16329,Stress
16330,Death
16331,Fatigue
16332,Death
16333,Nausea
16334,Stress
16335,Stress
16336,Dread
16337,Stress
16338,Worthlessness
16339,Death
16340,Worthlessness
16341,Dread
16342,Worthlessness
16343,Tears
16344,Worthlessness
16345,Despair
16346,Worthlessness
16347,Death
16348,Dread
16349,Dread
16350,Pain
16351,Stress
16352,Dread
16353,Pain
16354,Tears
16355,Despair
16356,Despair
16357,Fatigue
16358,Nausea
16359,Despair
16360,Anxiety
16361,Death
16362,Pain
16363,Fatigue
16364,Dread
16365,Death
16366,Tears
16367,Dread
16368,Dread
16369,Nausea
16370,Dread
16371,Pain
16372,Fatigue
16373,Nausea
16374,Nausea
16375,Death
16376,Stress
16377,Death
16378,Fatigue
16379,Anxiety
16380,Nausea
16381,Dread
16382,Dread
16383,Despair
16384,Fatigue
16385,Stress
16386,Death
16387,Fatigue
16388,Fatigue
16389,Pain
16390,Despair
16391,Fatigue
16392,Dread
16393,Tears
16394,Anxiety
16395,Stress
16396,Worthlessness
16397,Stress
16398,Death
16399,Despair
16400,Anxiety
16401,Pain
16402,Dread
16403,Dread
16404,Tears
16405,Anxiety
16406,Death
16407,Fatigue
16408,Pain
16409,Nausea
16410,Tears
16411,Stress
16412,Death
16413,Death
16414,Stress
16415,Tears
16416,Pain
16417,Stress
16418,Stress
16419,Nausea
16420,Tears
16421,Despair
16422,Stress
16423,Despair
16424,Stress
16425,Stress
16426,Anxiety
16427,Fatigue
16428,Fatigue
16429,Pain
16430,Worthlessness
16431,Fatigue
16432,Pain
16433,Anxiety
16434,Nausea
16435,Death
16436,Stress
16437,Despair
16438,Stress
16439,Pain
16440,Anxiety
16441,Death
16442,Nausea
16443,Nausea
16444,Fatigue
16445,Nausea
16446,Tears
16447,Fatigue
16448,Pain
16449,Fatigue
16450,Dread
16451,Despair
16452,Despair
16453,Stress
16454,Worthlessness
16455,Death
16456,Death
16457,Nausea
16458,Despair
16459,Pain
16460,Tears
16461,Nausea
16462,Nausea
16463,Death
16464,Stress
16465,Anxiety
16466,Dread
16467,Tears
16468,Pain
16469,Pain
16470,Tears
16471,Stress
16472,Despair
16473,Dread
16474,Death
16475,Tears
16476,Death
16477,Dread
16478,Nausea
16479,Pain
16480,Dread
16481,Death
16482,Pain
16483,Worthlessness
16484,Pain
16485,Worthlessness
16486,Anxiety
16487,Pain
16488,Despair
16489,Anxiety
16490,Anxiety
16491,Anxiety
16492,Stress
16493,Anxiety
16494,Despair
16495,Nausea
16496,Death
16497,Despair
16498,Dread
16499,Dread
16500,Pain
16501,Nausea
16502,Despair
16503,Despair
16504,Fatigue
16505,Worthlessness
16506,Death
16507,Pain
16508,Death
16509,Tears
16510,Dread
16511,Tears
16512,Tears
16513,Despair
16514,Worthlessness
16515,Nausea
16516,Nausea
16517,Pain
16518,Death
16519,Dread
16520,Death
16521,Pain
16522,Pain
16523,Despair
16524,Anxiety
16525,Worthlessness
16526,Worthlessness
16527,Dread
16528,Death
16529,Pain
16530,Death
16531,Fatigue
16532,Pain
16533,Stress
16534,Stress
16535,Tears
16536,Death
16537,Nausea
16538,Despair
16539,Despair
16540,Dread
16541,Stress
16542,Anxiety
16543,Dread
16544,Dread
16545,Worthlessness
16546,Nausea
16547,Fatigue
16548,Pain
16549,Tears
16550,Dread
16551,Tears
16552,Dread
16553,Worthlessness
16554,Stress
16555,Tears
16556,Stress
16557,Dread
16558,Nausea
16559,Stress
16560,Tears
16561,Worthlessness
16562,Stress
16563,Pain
16564,Nausea
16565,Pain
16566,Dread
16567,Nausea
16568,Tears
16569,Stress
16570,Anxiety
16571,Death
16572,Despair
16573,Nausea
16574,Pain
16575,Tears
16576,Tears
16577,Worthlessness
16578,Dread
16579,Pain
16580,Death
16581,Fatigue
16582,Nausea
16583,Pain
16584,Stress
16585,Dread
16586,Nausea
16587,Despair
16588,Tears
16589,Tears
16590,Stress
16591,Death
16592,Stress
16593,Tears
16594,Fatigue
16595,Tears
16596,Nausea
16597,Pain
16598,Worthlessness
16599,Worthlessness
16600,Dread
16601,Nausea
16602,Pain
16603,Anxiety
16604,Pain
16605,Fatigue
16606,Nausea
16607,Stress
16608,Dread
16609,Despair
16610,Tears
16611,Fatigue
16612,Pain
16613,Dread
16614,Fatigue
16615,Nausea
16616,Stress
16617,Death
16618,Tears
16619,Tears
16620,Tears
16621,Stress
16622,Tears
16623,Pain
16624,Stress
16625,Worthlessness
16626,Despair
16627,Worthlessness
16628,Despair
16629,Fatigue
16630,Worthlessness
16631,Anxiety
16632,Tears
16633,Dread
16634,Pain
16635,Fatigue
16636,Fatigue
16637,Despair
16638,Anxiety
16639,Tears
16640,Fatigue
16641,Death
16642,Fatigue
16643,Nausea
16644,Worthlessness
16645,Death
16646,Worthlessness
16647,Fatigue
16648,Pain
16649,Stress
16650,Death
16651,Death
16652,Nausea
16653,Anxiety
16654,Nausea
16655,Despair
16656,Anxiety
16657,Fatigue
16658,Despair
16659,Fatigue
16660,Pain
16661,Dread
16662,Stress
16663,Fatigue
16664,Death
16665,Anxiety
16666,Fatigue
16667,Death
16668,Pain
16669,Tears
16670,Nausea
16671,Despair
16672,Fatigue
16673,Fatigue
16674,Worthlessness
16675,Worthlessness
16676,Anxiety
16677,Pain
16678,Nausea
16679,Pain
16680,Worthlessness
16681,Despair
16682,Tears
16683,Dread
16684,Fatigue
16685,Nausea
16686,Nausea
16687,Dread
16688,Fatigue
16689,Anxiety
16690,Dread
16691,Nausea
16692,Dread
16693,Tears
16694,Despair
16695,Dread
16696,Tears
16697,Death
16698,Death
16699,Worthlessness
16700,Nausea
16701,Despair
16702,Tears
16703,Nausea
16704,Stress
16705,Anxiety
16706,Stress
16707,Death
16708,Despair
16709,Anxiety
16710,Death
16711,Stress
16712,Death
16713,Stress
16714,Dread
16715,Stress
16716,Dread
16717,Tears
16718,Stress
16719,Worthlessness
16720,Worthlessness
16721,Anxiety
16722,Pain
16723,Dread
16724,Anxiety
16725,Tears
16726,Dread
16727,Tears
16728,Worthlessness
16729,Stress
16730,Stress
16731,Tears
16732,Worthlessness
16733,Pain
16734,Death
16735,Despair
16736,Stress
16737,Death
16738,Dread
16739,Tears
16740,Stress
16741,Fatigue
16742,Pain
16743,Anxiety
16744,Tears
16745,Fatigue
16746,Nausea
16747,Fatigue
16748,Dread
16749,Fatigue
16750,Fatigue
16751,Stress
16752,Fatigue
16753,Worthlessness
16754,Worthlessness
16755,Death
16756,Worthlessness
16757,Death
16758,Worthlessness
16759,Dread
16760,Anxiety
16761,Worthlessness
16762,Fatigue
16763,Pain
16764,Worthlessness
16765,Worthlessness
16766,Despair
16767,Anxiety
16768,Tears
16769,Worthlessness
16770,Despair
16771,Pain
16772,Tears
16773,Tears
16774,Tears
16775,Anxiety
16776,Stress
16777,Dread
16778,Tears
16779,Tears
16780,Anxiety
16781,Despair
16782,Dread
16783,Worthlessness
16784,Despair
16785,Dread
16786,Tears
16787,Dread
16788,Pain
16789,Pain
16790,Dread
16791,Pain
16792,Tears
16793,Dread
16794,Tears
16795,Tears
16796,Anxiety
16797,Death
16798,Dread
16799,Stress
16800,Stress
16801,Death
16802,Fatigue
16803,Stress
16804,Worthlessness
16805,Death
16806,Nausea
16807,Nausea
16808,Despair
16809,Dread
16810,Stress
16811,Dread
16812,Anxiety
16813,Despair
16814,Death
16815,Tears
16816,Worthlessness
16817,Tears
16818,Despair
16819,Fatigue
16820,Anxiety
16821,Worthlessness
16822,Dread
16823,Fatigue
16824,Tears
16825,Tears
16826,Dread
16827,Stress
16828,Death
16829,Despair
16830,Tears
16831,Despair
16832,Fatigue
16833,Nausea
16834,Fatigue
16835,Pain
16836,Despair
16837,Anxiety
16838,Stress
16839,Fatigue
16840,Fatigue
16841,Death
16842,Tears
16843,Stress
16844,Death
16845,Dread
16846,Anxiety
16847,Anxiety
16848,Anxiety
16849,Anxiety
16850,Fatigue
16851,Death
16852,Worthlessness
16853,Dread
16854,Despair
16855,Pain
16856,Dread
16857,Dread
16858,Pain
16859,Worthlessness
16860,Despair
16861,Death
16862,Dread
16863,Dread
16864,Fatigue
16865,Despair
16866,Despair
16867,Death
16868,Tears
16869,Despair
16870,Stress
16871,Worthlessness
16872,Stress
16873,Anxiety
16874,Anxiety
16875,Worthlessness
16876,Tears
16877,Tears
16878,Tears
16879,Worthlessness
16880,Despair
16881,Stress
16882,Stress
16883,Nausea
16884,Worthlessness
16885,Worthlessness
16886,Fatigue
16887,Pain
16888,Fatigue
16889,Tears
16890,Stress
16891,Pain
16892,Fatigue
16893,Stress
16894,Worthlessness
16895,Tears
16896,Fatigue
16897,Nausea
16898,Stress
16899,Fatigue
16900,Stress
16901,Anxiety
16902,Anxiety
16903,Nausea
16904,Pain
16905,Fatigue
16906,Stress
16907,Despair
16908,Death
16909,Nausea
16910,Death
16911,Dread
16912,Anxiety
16913,Dread
16914,Anxiety
16915,Worthlessness
16916,Worthlessness
16917,Despair
16918,Nausea
16919,Stress
16920,Death
16921,Pain
16922,Stress
16923,Dread
16924,Death
16925,Death
16926,Death
16927,Despair
16928,Dread
16929,Tears
16930,Stress
16931,Nausea
16932,Worthlessness
16933,Pain
16934,Stress
16935,Tears
16936,Pain
16937,Death
16938,Fatigue
16939,Dread
16940,Despair
16941,Tears
16942,Anxiety
16943,Stress
16944,Worthlessness
16945,Dread
16946,Stress
16947,Worthlessness
16948,Stress
16949,Fatigue
16950,Anxiety
16951,Despair
16952,Worthlessness
16953,Despair
16954,Dread
16955,Despair
16956,Tears
16957,Despair
16958,Nausea
16959,Pain
16960,Anxiety
16961,Tears
16962,Despair
16963,Anxiety
16964,Death
16965,Nausea
16966,Fatigue
16967,Pain
16968,Despair
16969,Despair
16970,Pain
16971,Death
16972,Pain
16973,Dread
16974,Death
16975,Nausea
16976,Nausea
16977,Nausea
16978,Fatigue
16979,Dread
16980,Dread
16981,Pain
16982,Fatigue
16983,Anxiety
16984,Tears
16985,Fatigue
16986,Nausea
16987,Death
16988,Pain
16989,Nausea
16990,Fatigue
16991,Dread
16992,Death
16993,Stress
16994,Death
16995,Nausea
16996,Fatigue
16997,Death
16998,Pain
16999,Despair
17000,Despair
17001,Anxiety
17002,Worthlessness
17003,Anxiety
17004,Pain
17005,Dread
17006,Anxiety
17007,Pain
17008,Despair
17009,Despair
17010,Death
17011,Stress
17012,Nausea
17013,Nausea
17014,Despair
17015,Fatigue
17016,Anxiety
17017,Dread
17018,Tears
17019,Dread
17020,Stress
17021,Fatigue
17022,Stress
17023,Dread
17024,Anxiety
17025,Death
17026,Tears
17027,Death
17028,Death
17029,Worthlessness
17030,Tears
17031,Death
17032,Anxiety
17033,Nausea
17034,Fatigue
17035,Dread
17036,Death
17037,Pain
17038,Tears
17039,Death
17040,Worthlessness
17041,Anxiety
17042,Death
17043,Death
17044,Anxiety
17045,Despair
17046,Stress
17047,Worthlessness
17048,Death
17049,Stress
17050,Death
17051,Despair
17052,Tears
17053,Anxiety
17054,Nausea
17055,Death
17056,Dread
17057,Death
17058,Stress
17059,Dread
17060,Dread
17061,Dread
17062,Stress
17063,Worthlessness
17064,Pain
17065,Nausea
17066,Tears
17067,Fatigue
17068,Anxiety
17069,Nausea
17070,Tears
17071,Dread
17072,Nausea
17073,Tears
17074,Tears
17075,Tears
17076,Anxiety
17077,Fatigue
17078,Death
17079,Fatigue
17080,Despair
17081,Nausea
17082,Stress
17083,Death
17084,Death
17085,Anxiety
17086,Anxiety
17087,Stress
17088,Fatigue
17089,Nausea
17090,Fatigue
17091,Dread
17092,Fatigue
17093,Stress
17094,Stress
17095,Worthlessness
17096,Tears
17097,Nausea
17098,Worthlessness
17099,Anxiety
17100,Stress
17101,Nausea
17102,Anxiety
17103,Worthlessness
17104,Anxiety
17105,Worthlessness
17106,Dread
17107,Death
17108,Death
17109,Dread
17110,Fatigue
17111,Nausea
17112,Tears
17113,Despair
17114,Tears
17115,Fatigue
17116,Nausea
17117,Nausea
17118,Dread
17119,Tears
17120,Fatigue
17121,Dread
17122,Dread
17123,Death
17124,Pain
17125,Nausea
17126,Tears
17127,Worthlessness
17128,Fatigue
17129,Anxiety
17130,Dread
17131,Stress
17132,Anxiety
17133,Stress
17134,Pain
17135,Stress
17136,Fatigue
17137,Fatigue
17138,Despair
17139,Nausea
17140,Stress
17141,Despair
17142,Pain
17143,Nausea
17144,Despair
17145,Nausea
17146,Stress
17147,Nausea
17148,Death
17149,Fatigue
17150,Nausea
17151,Tears
17152,Tears
17153,Nausea
17154,Anxiety
17155,Tears
17156,Pain
17157,Death
17158,Dread
17159,Despair
17160,Tears
17161,Anxiety
17162,Tears
17163,Pain
17164,Tears
17165,Tears
17166,Fatigue
17167,Fatigue
17168,Death
17169,Death
17170,Fatigue
17171,Worthlessness
17172,Death
17173,Pain
17174,Fatigue
17175,Fatigue
17176,Fatigue
17177,Despair
17178,Fatigue
17179,Pain
17180,Nausea
17181,Dread
17182,Stress
17183,Anxiety
17184,Tears
17185,Stress
17186,Dread
17187,Stress
17188,Fatigue
17189,Tears
17190,Tears
17191,Worthlessness
17192,Tears
17193,Stress
17194,Nausea
17195,Tears
17196,Anxiety
17197,Tears
17198,Despair
17199,Dread
17200,Stress
17201,Fatigue
17202,Despair
17203,Despair
17204,Pain
17205,Death
17206,Stress
17207,Stress
17208,Despair
17209,Fatigue
17210,Anxiety
17211,Stress
17212,Stress
17213,Tears
17214,Nausea
17215,Nausea
17216,Worthlessness
17217,Anxiety
17218,Pain
17219,Tears
17220,Anxiety
17221,Stress
17222,Nausea
17223,Anxiety
17224,Fatigue
17225,Anxiety
17226,Tears
17227,Fatigue
17228,Pain
17229,Death
17230,Fatigue
17231,Tears
17232,Worthlessness
17233,Despair
17234,Fatigue
17235,Tears
17236,Pain
17237,Fatigue
17238,Worthlessness
17239,Death
17240,Stress
17241,Stress
17242,Death
17243,Pain
17244,Nausea
17245,Nausea
17246,Pain
17247,Worthlessness
17248,Anxiety
17249,Pain
17250,Despair
17251,Death
17252,Despair
17253,Stress
17254,Anxiety
17255,Pain
17256,Dread
17257,Tears
17258,Fatigue
17259,Pain
17260,Anxiety
17261,Death
17262,Death
17263,Anxiety
17264,Tears
17265,Worthlessness
17266,Dread
17267,Fatigue
17268,Dread
17269,Fatigue
17270,Death
17271,Anxiety
17272,Stress
17273,Stress
17274,Anxiety
17275,Anxiety
17276,Despair
17277,Dread
17278,Worthlessness
17279,Nausea
17280,Anxiety
17281,Stress
17282,Pain
17283,Tears
17284,Fatigue
17285,Worthlessness
17286,Pain
17287,Despair
17288,Fatigue
17289,Dread
17290,Nausea
17291,Pain
17292,Tears
17293,Fatigue
17294,Despair
17295,Tears
17296,Fatigue
17297,Fatigue
17298,Worthlessness
17299,Dread
17300,Fatigue
17301,Death
17302,Anxiety
17303,Nausea
17304,Despair
17305,Nausea
17306,Dread
17307,Despair
17308,Fatigue
17309,Dread
17310,Dread
17311,Worthlessness
17312,Death
17313,Fatigue
17314,Stress
17315,Anxiety
17316,Anxiety
17317,Stress
17318,Despair
17319,Despair
17320,Pain
17321,Fatigue
17322,Worthlessness
17323,Anxiety
17324,Fatigue
17325,Worthlessness
17326,Anxiety
17327,Tears
17328,Nausea
17329,Pain
17330,Dread
17331,Death
17332,Pain
17333,Stress
17334,Stress
17335,Anxiety
17336,Nausea
17337,Tears
17338,Despair
17339,Worthlessness
17340,Worthlessness
17341,Fatigue
17342,Despair
17343,Fatigue
17344,Death
17345,Nausea
17346,Dread
17347,Fatigue
17348,Pain
17349,Anxiety
17350,Anxiety
17351,Dread
17352,Dread
17353,Tears
17354,Despair
17355,Dread
17356,Nausea
17357,Fatigue
17358,Worthlessness
17359,Tears
17360,Despair
17361,Tears
17362,Pain
17363,Worthlessness
17364,Stress
17365,Tears
17366,Nausea
17367,Worthlessness
17368,Worthlessness
17369,Tears
17370,Stress
17371,Tears
17372,Pain
17373,Worthlessness
17374,Stress
17375,Stress
17376,Dread
17377,Anxiety
17378,Death
17379,Worthlessness
17380,Stress
17381,Anxiety
17382,Death
17383,Stress
17384,Nausea
17385,Nausea
17386,Dread
17387,Dread
17388,Nausea
17389,Nausea
17390,Death
17391,Fatigue
17392,Dread
17393,Anxiety
17394,Dread
17395,Fatigue
17396,Nausea
17397,Pain
17398,Pain
17399,Dread
17400,Despair
17401,Dread
17402,Dread
17403,Anxiety
17404,Tears
17405,Tears
17406,Stress
17407,Anxiety
17408,Dread
17409,Pain
17410,Pain
17411,Nausea
17412,Anxiety
17413,Death
17414,Tears
17415,Worthlessness
17416,Fatigue
17417,Stress
17418,Tears
17419,Despair
17420,Dread
17421,Anxiety
17422,Stress
17423,Anxiety
17424,Despair
17425,Dread
17426,Despair
17427,Fatigue
17428,Nausea
17429,Death
17430,Death
17431,Stress
17432,Anxiety
17433,Nausea
17434,Stress
17435,Death
17436,Despair
17437,Stress
17438,Dread
17439,Anxiety
17440,Nausea
17441,Dread
17442,Despair
17443,Despair
17444,Stress
17445,Fatigue
17446,Death
17447,Tears
17448,Death
17449,Nausea
17450,Anxiety
17451,Pain
17452,Stress
17453,Pain
17454,Nausea
17455,Dread
17456,Dread
17457,Despair
17458,Stress
17459,Nausea
17460,Despair
17461,Anxiety
17462,Death
17463,Tears
17464,Stress
17465,Despair
17466,Despair
17467,Despair
17468,Death
17469,Nausea
17470,Death
17471,Nausea
17472,Tears
17473,Nausea
17474,Fatigue
17475,Pain
17476,Tears
17477,Tears
17478,Fatigue
17479,Nausea
17480,Nausea
17481,Despair
17482,Dread
17483,Death
17484,Anxiety
17485,Anxiety
17486,Worthlessness
17487,Tears
17488,Stress
17489,Nausea
17490,Nausea
17491,Worthlessness
17492,Death
17493,Nausea
17494,Dread
17495,Nausea
17496,Tears
17497,Anxiety
17498,Anxiety
17499,Despair
17500,Death
17501,Stress
17502,Pain
17503,Pain
17504,Worthlessness
17505,Fatigue
17506,Tears
17507,Worthlessness
17508,Pain
17509,Anxiety
17510,Fatigue
17511,Worthlessness
17512,Fatigue
17513,Dread
17514,Pain
17515,Death
17516,Anxiety
17517,Fatigue
17518,Pain
17519,Stress
17520,Nausea
17521,Fatigue
17522,Stress
17523,Anxiety
17524,Dread
17525,Dread
17526,Tears
17527,Dread
17528,Worthlessness
17529,Pain
17530,Worthlessness
17531,Pain
17532,Fatigue
17533,Dread
17534,Death
17535,Stress
17536,Stress
17537,Worthlessness
17538,Death
17539,Worthlessness
17540,Pain
17541,Worthlessness
17542,Fatigue
17543,Nausea
17544,Dread
17545,Stress
17546,Worthlessness
17547,Worthlessness
17548,Pain
17549,Anxiety
17550,Nausea
17551,Fatigue
17552,Death
17553,Despair
17554,Death
17555,Pain
17556,Tears
17557,Anxiety
17558,Anxiety
17559,Nausea
17560,Anxiety
17561,Tears
17562,Dread
17563,Despair
17564,Nausea
17565,Stress
17566,Nausea
17567,Stress
17568,Dread
17569,Pain
17570,Fatigue
17571,Dread
17572,Despair
17573,Tears
17574,Stress
17575,Stress
17576,Worthlessness
17577,Anxiety
17578,Anxiety
17579,Fatigue
17580,Death
17581,Death
17582,Despair
17583,Tears
17584,Anxiety
17585,Worthlessness
17586,Death
17587,Despair
17588,Anxiety
17589,Tears
17590,Fatigue
17591,Anxiety
17592,Fatigue
17593,Death
17594,Fatigue
17595,Anxiety
17596,Tears
17597,Stress
17598,Stress
17599,Despair
17600,Nausea
17601,Tears
17602,Tears
17603,Death
17604,Death
17605,Despair
17606,Fatigue
17607,Tears
17608,Pain
17609,Stress
17610,Despair
17611,Pain
17612,Pain
17613,Death
17614,Dread
17615,Dread
17616,Pain
17617,Nausea
17618,Nausea
17619,Nausea
17620,Worthlessness
17621,Nausea
17622,Fatigue
17623,Worthlessness
17624,Stress
17625,Stress
17626,Nausea
17627,Nausea
17628,Worthlessness
17629,Anxiety
17630,Anxiety
17631,Tears
17632,Fatigue
17633,Anxiety
17634,Dread
17635,Death
17636,Fatigue
17637,Death
17638,Death
17639,Stress
17640,Worthlessness
17641,Death
17642,Dread
17643,Death
17644,Stress
17645,Pain
17646,Pain
17647,Tears
17648,Worthlessness
17649,Fatigue
17650,Death
17651,Anxiety
17652,Anxiety
17653,Tears
17654,Anxiety
17655,Dread
17656,Anxiety
17657,Despair
17658,Death
17659,Dread
17660,Anxiety
17661,Stress
17662,Fatigue
17663,Stress
17664,Despair
17665,Anxiety
17666,Stress
17667,Stress
17668,Worthlessness
17669,Worthlessness
17670,Nausea
17671,Death
17672,Nausea
17673,Worthlessness
17674,Pain
17675,Despair
17676,Fatigue
17677,Fatigue
17678,Worthlessness
17679,Anxiety
17680,Despair
17681,Dread
17682,Death
17683,Fatigue
17684,Tears
17685,Worthlessness
17686,Dread
17687,Dread
17688,Dread
17689,Despair
17690,Despair
17691,Fatigue
17692,Fatigue
17693,Stress
17694,Despair
17695,Nausea
17696,Tears
17697,Dread
17698,Tears
17699,Despair
17700,Anxiety
17701,Death
17702,Death
17703,Anxiety
17704,Stress
17705,Dread
17706,Nausea
17707,Anxiety
17708,Despair
17709,Anxiety
17710,Nausea
17711,Stress
17712,Nausea
17713,Despair
17714,Anxiety
17715,Despair
17716,Pain
17717,Tears
17718,Fatigue
17719,Despair
17720,Tears
17721,Dread
17722,Despair
17723,Despair
17724,Stress
17725,Tears
17726,Pain
17727,Despair
17728,Nausea
17729,Dread
17730,Tears
17731,Tears
17732,Despair
17733,Anxiety
17734,Anxiety
17735,Death
17736,Death
17737,Dread
17738,Fatigue
17739,Despair
17740,Worthlessness
17741,Dread
17742,Stress
17743,Pain
17744,Death
17745,Pain
17746,Death
17747,Despair
17748,Dread
17749,Stress
17750,Dread
17751,Worthlessness
17752,Stress
17753,Worthlessness
17754,Dread
17755,Stress
17756,Worthlessness
17757,Pain
17758,Tears
17759,Dread
17760,Fatigue
17761,Worthlessness
17762,Tears
17763,Dread
17764,Pain
17765,Despair
17766,Death
17767,Tears
17768,Anxiety
17769,Worthlessness
17770,Nausea
17771,Nausea
17772,Pain
17773,Pain
17774,Death
17775,Nausea
17776,Anxiety
17777,Stress
17778,Despair
17779,Death
17780,Tears
17781,Tears
17782,Tears
17783,Anxiety
17784,Stress
17785,Death
17786,Death
17787,Nausea
17788,Tears
17789,Fatigue
17790,Tears
17791,Fatigue
17792,Worthlessness
17793,Fatigue
17794,Pain
17795,Despair
17796,Fatigue
17797,Dread
17798,Despair
17799,Despair
17800,Despair
17801,Anxiety
17802,Nausea
17803,Dread
17804,Dread
17805,Dread
17806,Dread
17807,Death
17808,Death
17809,Tears
17810,Dread
17811,Worthlessness
17812,Despair
17813,Worthlessness
17814,Worthlessness
17815,Anxiety
17816,Anxiety
17817,Worthlessness
17818,Pain
17819,Anxiety
17820,Stress
17821,Death
17822,Stress
17823,Stress
17824,Pain
17825,Death
17826,Nausea
17827,Stress
17828,Fatigue
17829,Stress
17830,Nausea
17831,Fatigue
17832,Fatigue
17833,Anxiety
17834,Pain
17835,Fatigue
17836,Fatigue
17837,Death
17838,Dread
17839,Stress
17840,Nausea
17841,Anxiety
17842,Worthlessness
17843,Fatigue
17844,Nausea
17845,Anxiety
17846,Dread
17847,Stress
17848,Despair
17849,Stress
17850,Pain
17851,Tears
17852,Worthlessness
17853,Stress
17854,Tears
17855,Dread
17856,Anxiety
17857,Fatigue
17858,Dread
17859,Despair
17860,Dread
17861,Fatigue
17862,Death
17863,Pain
17864,Nausea
17865,Worthlessness
17866,Tears
17867,Stress
17868,Pain
17869,Worthlessness
17870,Pain
17871,Nausea
17872,Tears
17873,Despair
17874,Nausea
17875,Anxiety
17876,Nausea
17877,Worthlessness
17878,Death
17879,Nausea
17880,Despair
17881,Fatigue
17882,Death
17883,Nausea
17884,Stress
17885,Anxiety
17886,Dread
17887,Tears
17888,Despair
17889,Worthlessness
17890,Nausea
17891,Fatigue
17892,Stress
17893,Fatigue
17894,Dread
17895,Despair
17896,Tears
17897,Nausea
17898,Fatigue
17899,Despair
17900,Anxiety
17901,Stress
17902,Worthlessness
17903,Worthlessness
17904,Nausea
17905,Nausea
17906,Fatigue
17907,Fatigue
17908,Death
17909,Worthlessness
17910,Stress
17911,Worthlessness
17912,Fatigue
17913,Nausea
17914,Nausea
17915,Worthlessness
17916,Nausea
17917,Worthlessness
17918,Nausea
17919,Fatigue
17920,Tears
17921,Dread
17922,Dread
17923,Despair
17924,Death
17925,Tears
17926,Dread
17927,Despair
17928,Fatigue
17929,Nausea
17930,Anxiety
17931,Worthlessness
17932,Fatigue
17933,Pain
17934,Tears
17935,Despair
17936,Despair
17937,Tears
17938,Nausea
17939,Stress
17940,Nausea
17941,Stress
17942,Dread
17943,Anxiety
17944,Anxiety
17945,Pain
17946,Fatigue
17947,Death
17948,Despair
17949,Stress
17950,Fatigue
17951,Nausea
17952,Anxiety
17953,Despair
17954,Death
17955,Despair
17956,Stress
17957,Anxiety
17958,Tears
17959,Death
17960,Dread
17961,Fatigue
17962,Fatigue
17963,Nausea
17964,Despair
17965,Dread
17966,Pain
17967,Fatigue
17968,Death
17969,Fatigue
17970,Pain
17971,Tears
17972,Despair
17973,Death
17974,Worthlessness
17975,Pain
17976,Anxiety
17977,Worthlessness
17978,Death
17979,Stress
17980,Anxiety
17981,Tears
17982,Despair
17983,Pain
17984,Fatigue
17985,Tears
17986,Worthlessness
17987,Tears
17988,Anxiety
17989,Dread
17990,Fatigue
17991,Pain
17992,Dread
17993,Death
17994,Worthlessness
17995,Despair
17996,Stress
17997,Fatigue
17998,Anxiety
17999,Death
18000,Pain
18001,Worthlessness
18002,Fatigue
18003,Pain
18004,Nausea
18005,Pain
18006,Stress
18007,Dread
18008,Nausea
18009,Stress
18010,Nausea
18011,Worthlessness
18012,Pain
18013,Dread
18014,Nausea
18015,Pain
18016,Despair
18017,Stress
18018,Fatigue
18019,Stress
18020,Worthlessness
18021,Fatigue
18022,Despair
18023,Death
18024,Dread
18025,Stress
18026,Nausea
18027,Stress
18028,Dread
18029,Tears
18030,Pain
18031,Stress
18032,Death
18033,Despair
18034,Death
18035,Pain
18036,Worthlessness
18037,Death
18038,Worthlessness
18039,Stress
18040,Anxiety
18041,Death
18042,Nausea
18043,Stress
18044,Tears
18045,Stress
18046,Worthlessness
18047,Tears
18048,Dread
18049,Despair
18050,Anxiety
18051,Stress
18052,Despair
18053,Dread
18054,Fatigue
18055,Dread
18056,Anxiety
18057,Anxiety
18058,Tears
18059,Pain
18060,Pain
18061,Dread
18062,Despair
18063,Nausea
18064,Nausea
18065,Worthlessness
18066,Anxiety
18067,Dread
18068,Worthlessness
18069,Stress
18070,Nausea
18071,Worthlessness
18072,Fatigue
18073,Tears
18074,Pain
18075,Stress
18076,Fatigue
18077,Pain
18078,Death
18079,Dread
18080,Anxiety
18081,Dread
18082,Death
18083,Pain
18084,Anxiety
18085,Nausea
18086,Dread
18087,Tears
18088,Tears
18089,Worthlessness
18090,Tears
18091,Death
18092,Stress
18093,Fatigue
18094,Worthlessness
18095,Despair
18096,Death
18097,Worthlessness
18098,Stress
18099,Despair
18100,Nausea
18101,Nausea
18102,Pain
18103,Pain
18104,Pain
18105,Tears
18106,Dread
18107,Fatigue
18108,Worthlessness
18109,Stress
18110,Death
18111,Nausea
18112,Fatigue
18113,Stress
18114,Fatigue
18115,Despair
18116,Anxiety
18117,Tears
18118,Fatigue
18119,Fatigue
18120,Fatigue
18121,Dread
18122,Stress
18123,Anxiety
18124,Stress
18125,Anxiety
18126,Worthlessness
18127,Worthlessness
18128,Anxiety
18129,Nausea
18130,Pain
18131,Nausea
18132,Fatigue
18133,Death
18134,Fatigue
18135,Nausea
18136,Stress
18137,Dread
18138,Fatigue
18139,Despair
18140,Anxiety
18141,Dread
18142,Anxiety
18143,Despair
18144,Fatigue
18145,Anxiety
18146,Death
18147,Dread
18148,Anxiety
18149,Fatigue
18150,Fatigue
18151,Fatigue
18152,Worthlessness
18153,Stress
18154,Death
18155,Despair
18156,Dread
18157,Death
18158,Death
18159,Nausea
18160,Death
18161,Pain
18162,Tears
18163,Dread
18164,Pain
18165,Death
18166,Dread
18167,Despair
18168,Fatigue
18169,Stress
18170,Fatigue
18171,Dread
18172,Stress
18173,Tears
18174,Despair
18175,Dread
18176,Anxiety
18177,Dread
18178,Despair
18179,Tears
18180,Anxiety
18181,Stress
18182,Fatigue
18183,Pain
18184,Anxiety
18185,Despair
18186,Stress
18187,Worthlessness
18188,Pain
18189,Tears
18190,Dread
18191,Worthlessness
18192,Fatigue
18193,Pain
18194,Anxiety
18195,Pain
18196,Tears
18197,Despair
18198,Anxiety
18199,Dread
18200,Stress
18201,Stress
18202,Despair
18203,Death
18204,Death
18205,Death
18206,Stress
18207,Death
18208,Dread
18209,Death
18210,Worthlessness
18211,Worthlessness
18212,Death
18213,Nausea
18214,Pain
18215,Pain
18216,Pain
18217,Stress
18218,Nausea
18219,Nausea
18220,Dread
18221,Worthlessness
18222,Nausea
18223,Nausea
18224,Stress
18225,Death
18226,Despair
18227,Worthlessness
18228,Stress
18229,Stress
18230,Anxiety
18231,Worthlessness
18232,Stress
18233,Anxiety
18234,Pain
18235,Worthlessness
18236,Anxiety
18237,Dread
18238,Tears
18239,Stress
18240,Nausea
18241,Fatigue
18242,Tears
18243,Dread
18244,Despair
18245,Nausea
18246,Worthlessness
18247,Tears
18248,Worthlessness
18249,Despair
18250,Death
18251,Dread
18252,Stress
18253,Despair
18254,Despair
18255,Pain
18256,Stress
18257,Pain
18258,Anxiety
18259,Fatigue
18260,Despair
18261,Stress
18262,Anxiety
18263,Pain
18264,Anxiety
18265,Fatigue
18266,Dread
18267,Dread
18268,Nausea
18269,Anxiety
18270,Fatigue
18271,Death
18272,Dread
18273,Pain
18274,Dread
18275,Stress
18276,Despair
18277,Worthlessness
18278,Anxiety
18279,Tears
18280,Dread
18281,Despair
18282,Worthlessness
18283,Nausea
18284,Worthlessness
18285,Tears
18286,Death
18287,Tears
18288,Dread
18289,Anxiety
18290,Death
18291,Dread
18292,Worthlessness
18293,Death
18294,Death
18295,Anxiety
18296,Dread
18297,Despair
18298,Despair
18299,Pain
18300,Stress
18301,Dread
18302,Tears
18303,Dread
18304,Death
18305,Anxiety
18306,Tears
18307,Anxiety
18308,Nausea
18309,Worthlessness
18310,Worthlessness
18311,Despair
18312,Anxiety
18313,Anxiety
18314,Tears
18315,Worthlessness
18316,Anxiety
18317,Nausea
18318,Tears
18319,Fatigue
18320,Death
18321,Tears
18322,Despair
18323,Fatigue
18324,Despair
18325,Nausea
18326,Despair
18327,Despair
18328,Nausea
18329,Anxiety
18330,Worthlessness
18331,Nausea
18332,Anxiety
18333,Dread
18334,Pain
18335,Worthlessness
18336,Pain
18337,Death
18338,Worthlessness
18339,Despair
18340,Pain
18341,Pain
18342,Worthlessness
18343,Pain
18344,Worthlessness
18345,Death
18346,Pain
18347,Fatigue
18348,Nausea
18349,Tears
18350,Tears
18351,Tears
18352,Fatigue
18353,Pain
18354,Anxiety
18355,Pain
18356,Fatigue
18357,Fatigue
18358,Fatigue
18359,Despair
18360,Despair
18361,Death
18362,Stress
18363,Worthlessness
18364,Worthlessness
18365,Anxiety
18366,Stress
18367,Anxiety
18368,Worthlessness
18369,Fatigue
18370,Tears
18371,Pain
18372,Death
18373,Tears
18374,Worthlessness
18375,Anxiety
18376,Tears
18377,Dread
18378,Nausea
18379,Anxiety
18380,Worthlessness
18381,Worthlessness
18382,Nausea
18383,Dread
18384,Anxiety
18385,Tears
18386,Death
18387,Worthlessness
18388,Stress
18389,Tears
18390,Tears
18391,Stress
18392,Worthlessness
18393,Despair
18394,Fatigue
18395,Anxiety
18396,Worthlessness
18397,Despair
18398,Anxiety
18399,Despair
18400,Tears
18401,Dread
18402,Fatigue
18403,Tears
18404,Death
18405,Despair
18406,Death
18407,Dread
18408,Dread
18409,Anxiety
18410,Anxiety
18411,Death
18412,Tears
18413,Fatigue
18414,Despair
18415,Worthlessness
18416,Fatigue
18417,Pain
18418,Death
18419,Dread
18420,Nausea
18421,Tears
18422,Despair
18423,Nausea
18424,Fatigue
18425,Dread
18426,Despair
18427,Worthlessness
18428,Anxiety
18429,Despair
18430,Fatigue
18431,Dread
18432,Death
18433,Worthlessness
18434,Stress
18435,Fatigue
18436,Stress
18437,Tears
18438,Stress
18439,Stress
18440,Nausea
18441,Anxiety
18442,Fatigue
18443,Tears
18444,Fatigue
18445,Anxiety
18446,Anxiety
18447,Pain
18448,Anxiety
18449,Fatigue
18450,Death
18451,Despair
18452,Despair
18453,Dread
18454,Worthlessness
18455,Despair
18456,Pain
18457,Dread
18458,Dread
18459,Fatigue
18460,Anxiety
18461,Pain
18462,Anxiety
18463,Tears
18464,Pain
18465,Tears
18466,Nausea
18467,Fatigue
18468,Tears
18469,Despair
18470,Pain
18471,Tears
18472,Tears
18473,Stress
18474,Anxiety
18475,Tears
18476,Tears
18477,Tears
18478,Tears
18479,Death
18480,Despair
18481,Pain
18482,Fatigue
18483,Fatigue
18484,Death
18485,Despair
18486,Tears
18487,Nausea
18488,Tears
18489,Tears
18490,Anxiety
18491,Fatigue
18492,Dread
18493,Nausea
18494,Worthlessness
18495,Nausea
18496,Tears
18497,Despair
18498,Despair
18499,Anxiety
18500,Stress
18501,Stress
18502,Pain
18503,Nausea
18504,Anxiety
18505,Stress
18506,Fatigue
18507,Nausea
18508,Nausea
18509,Stress
18510,Fatigue
18511,Pain
18512,Dread
18513,Pain
18514,Anxiety
18515,Tears
18516,Death
18517,Dread
18518,Anxiety
18519,Fatigue
18520,Despair
18521,Tears
18522,Worthlessness
18523,Nausea
18524,Nausea
18525,Fatigue
18526,Despair
18527,Dread
18528,Pain
18529,Nausea
18530,Anxiety
18531,Stress
18532,Death
18533,Death
18534,Death
18535,Tears
18536,Despair
18537,Despair
18538,Despair
18539,Stress
18540,Stress
18541,Pain
18542,Stress
18543,Stress
18544,Despair
18545,Stress
18546,Dread
18547,Death
18548,Stress
18549,Pain
18550,Anxiety
18551,Worthlessness
18552,Tears
18553,Death
18554,Dread
18555,Dread
18556,Dread
18557,Worthlessness
18558,Dread
18559,Anxiety
18560,Anxiety
18561,Tears
18562,Stress
18563,Tears
18564,Tears
18565,Anxiety
18566,Fatigue
18567,Dread
18568,Nausea
18569,Fatigue
18570,Death
18571,Tears
18572,Fatigue
18573,Dread
18574,Worthlessness
18575,Stress
18576,Fatigue
18577,Worthlessness
18578,Fatigue
18579,Tears
18580,Anxiety
18581,Pain
18582,Nausea
18583,Worthlessness
18584,Stress
18585,Anxiety
18586,Anxiety
18587,Nausea
18588,Death
18589,Despair
18590,Despair
18591,Fatigue
18592,Fatigue
18593,Anxiety
18594,Pain
18595,Tears
18596,Death
18597,Nausea
18598,Fatigue
18599,Despair
18600,Pain
18601,Tears
18602,Anxiety
18603,Worthlessness
18604,Stress
18605,Tears
18606,Nausea
18607,Death
18608,Dread
18609,Fatigue
18610,Despair
18611,Dread
18612,Death
18613,Despair
18614,Anxiety
18615,Death
18616,Pain
18617,Stress
18618,Stress
18619,Stress
18620,Stress
18621,Pain
18622,Anxiety
18623,Dread
18624,Nausea
18625,Death
18626,Dread
18627,Worthlessness
18628,Fatigue
18629,Nausea
18630,Nausea
18631,Worthlessness
18632,Despair
18633,Pain
18634,Tears
18635,Anxiety
18636,Stress
18637,Tears
18638,Stress
18639,Stress
18640,Death
18641,Despair
18642,Fatigue
18643,Stress
18644,Fatigue
18645,Tears
18646,Despair
18647,Anxiety
18648,Worthlessness
18649,Nausea
18650,Death
18651,Worthlessness
18652,Nausea
18653,Nausea
18654,Fatigue
18655,Anxiety
18656,Fatigue
18657,Pain
18658,Anxiety
18659,Anxiety
18660,Nausea
18661,Tears
18662,Stress
18663,Anxiety
18664,Dread
18665,Anxiety
18666,Dread
18667,Fatigue
18668,Nausea
18669,Dread
18670,Despair
18671,Despair
18672,Despair
18673,Pain
18674,Worthlessness
18675,Pain
18676,Despair
18677,Fatigue
18678,Fatigue
18679,Worthlessness
18680,Tears
18681,Stress
18682,Despair
18683,Anxiety
18684,Fatigue
18685,Worthlessness
18686,Pain
18687,Despair
18688,Worthlessness
18689,Death
18690,Anxiety
18691,Pain
18692,Pain
18693,Worthlessness
18694,Tears
18695,Fatigue
18696,Worthlessness
18697,Fatigue
18698,Nausea
18699,Tears
18700,Anxiety
18701,Pain
18702,Death
18703,Pain
18704,Nausea
18705,Stress
18706,Pain
18707,Anxiety
18708,Stress
18709,Dread
18710,Death
18711,Dread
18712,Nausea
18713,Dread
18714,Pain
18715,Nausea
18716,Nausea
18717,Fatigue
18718,Tears
18719,Stress
18720,Worthlessness
18721,Tears
18722,Stress
18723,Worthlessness
18724,Death
18725,Fatigue
18726,Nausea
18727,Worthlessness
18728,Fatigue
18729,Despair
18730,Worthlessness
18731,Stress
18732,Tears
18733,Stress
18734,Despair
18735,Stress
18736,Despair
18737,Anxiety
18738,Stress
18739,Nausea
18740,Nausea
18741,Anxiety
18742,Stress
18743,Worthlessness
18744,Despair
18745,Tears
18746,Dread
18747,Nausea
18748,Anxiety
18749,Pain
18750,Dread
18751,Stress
18752,Despair
18753,Anxiety
18754,Death
18755,Anxiety
18756,Death
18757,Pain
18758,Worthlessness
18759,Dread
18760,Stress
18761,Stress
18762,Fatigue
18763,Despair
18764,Tears
18765,Death
18766,Tears
18767,Pain
18768,Despair
18769,Despair
18770,Worthlessness
18771,Anxiety
18772,Fatigue
18773,Dread
18774,Pain
18775,Stress
18776,Death
18777,Pain
18778,Tears
18779,Worthlessness
18780,Death
18781,Fatigue
18782,Stress
18783,Pain
18784,Anxiety
18785,Worthlessness
18786,Stress
18787,Worthlessness
18788,Despair
18789,Worthlessness
18790,Stress
18791,Nausea
18792,Nausea
18793,Nausea
18794,Dread
18795,Tears
18796,Dread
18797,Death
18798,Anxiety
18799,Death
18800,Anxiety
18801,Worthlessness
18802,Dread
18803,Tears
18804,Stress
18805,Anxiety
18806,Despair
18807,Anxiety
18808,Worthlessness
18809,Death
18810,Tears
18811,Dread
18812,Stress
18813,Anxiety
18814,Tears
18815,Stress
18816,Fatigue
18817,Stress
18818,Stress
18819,Death
18820,Despair
18821,Despair
18822,Stress
18823,Despair
18824,Nausea
18825,Despair
18826,Despair
18827,Fatigue
18828,Pain
18829,Worthlessness
18830,Tears
18831,Tears
18832,Stress
18833,Stress
18834,Fatigue
18835,Despair
18836,Anxiety
18837,Stress
18838,Fatigue
18839,Fatigue
18840,Tears
18841,Tears
18842,Stress
18843,Anxiety
18844,Death
18845,Death
18846,Nausea
18847,Fatigue
18848,Dread
18849,Dread
18850,Worthlessness
18851,Worthlessness
18852,Dread
18853,Fatigue
18854,Despair
18855,Despair
18856,Death
18857,Anxiety
18858,Death
18859,Anxiety
18860,Nausea
18861,Despair
18862,Anxiety
18863,Pain
18864,Dread
18865,Fatigue
18866,Despair
18867,Anxiety
18868,Nausea
18869,Nausea
18870,Anxiety
18871,Worthlessness
18872,Nausea
18873,Nausea
18874,Worthlessness
18875,Stress
18876,Despair
18877,Worthlessness
18878,Stress
18879,Stress
18880,Anxiety
18881,Stress
18882,Fatigue
18883,Pain
18884,Dread
18885,Despair
18886,Worthlessness
18887,Worthlessness
18888,Tears
18889,Tears
18890,Despair
18891,Death
18892,Death
18893,Death
18894,Stress
18895,Anxiety
18896,Despair
18897,Death
18898,Anxiety
18899,Despair
18900,Dread
18901,Death
18902,Fatigue
18903,Despair
18904,Tears
18905,Despair
18906,Tears
18907,Anxiety
18908,Death
18909,Fatigue
18910,Nausea
18911,Fatigue
18912,Despair
18913,Pain
18914,Anxiety
18915,Tears
18916,Tears
18917,Stress
18918,Anxiety
18919,Fatigue
18920,Despair
18921,Stress
18922,Nausea
18923,Anxiety
18924,Stress
18925,Death
18926,Stress
18927,Despair
18928,Worthlessness
18929,Tears
18930,Fatigue
18931,Despair
18932,Death
18933,Nausea
18934,Worthlessness
18935,Dread
18936,Death
18937,Death
18938,Nausea
18939,Fatigue
18940,Nausea
18941,Nausea
18942,Pain
18943,Nausea
18944,Tears
18945,Nausea
18946,Dread
18947,Death
18948,Pain
18949,Worthlessness
18950,Anxiety
18951,Death
18952,Worthlessness
18953,Tears
18954,Despair
18955,Despair
18956,Dread
18957,Despair
18958,Anxiety
18959,Tears
18960,Worthlessness
18961,Worthlessness
18962,Dread
18963,Death
18964,Anxiety
18965,Despair
18966,Fatigue
18967,Worthlessness
18968,Anxiety
18969,Anxiety
18970,Dread
18971,Dread
18972,Dread
18973,Despair
18974,Anxiety
18975,Death
18976,Dread
18977,Anxiety
18978,Anxiety
18979,Tears
18980,Anxiety
18981,Pain
18982,Despair
18983,Nausea
18984,Dread
18985,Fatigue
18986,Pain
18987,Anxiety
18988,Tears
18989,Tears
18990,Anxiety
18991,Stress
18992,Fatigue
18993,Pain
18994,Stress
18995,Dread
18996,Stress
18997,Fatigue
18998,Nausea
18999,Pain
19000,Anxiety
19001,Worthlessness
19002,Pain
19003,Despair
19004,Dread
19005,Tears
19006,Death
19007,Worthlessness
19008,Stress
19009,Stress
19010,Stress
19011,Nausea
19012,Tears
19013,Pain
19014,Anxiety
19015,Despair
19016,Stress
19017,Despair
19018,Tears
19019,Tears
19020,Worthlessness
19021,Despair
19022,Death
19023,Fatigue
19024,Death
19025,Fatigue
19026,Despair
19027,Worthlessness
19028,Nausea
19029,Death
19030,Tears
19031,Nausea
19032,Anxiety
19033,Tears
19034,Dread
19035,Fatigue
19036,Tears
19037,Death
19038,Nausea
19039,Anxiety
19040,Nausea
19041,Anxiety
19042,Worthlessness
19043,Nausea
19044,Fatigue
19045,Fatigue
19046,Tears
19047,Anxiety
19048,Worthlessness
19049,Despair
19050,Nausea
19051,Pain
19052,Worthlessness
19053,Pain
19054,Despair
19055,Despair
19056,Despair
19057,Despair
19058,Anxiety
19059,Stress
19060,Worthlessness
19061,Dread
19062,Stress
19063,Fatigue
19064,Pain
19065,Death
19066,Despair
19067,Tears
19068,Despair
19069,Worthlessness
19070,Worthlessness
19071,Tears
19072,Anxiety
19073,Nausea
19074,Fatigue
19075,Fatigue
19076,Pain
19077,Pain
19078,Pain
19079,Fatigue
19080,Despair
19081,Dread
19082,Anxiety
19083,Death
19084,Pain
19085,Despair
19086,Worthlessness
19087,Death
19088,Tears
19089,Tears
19090,Anxiety
19091,Tears
19092,Nausea
19093,Fatigue
19094,Death
19095,Fatigue
19096,Fatigue
19097,Despair
19098,Pain
19099,Despair
19100,Anxiety
19101,Despair
19102,Death
19103,Stress
19104,Tears
19105,Stress
19106,Anxiety
19107,Death
19108,Anxiety
19109,Nausea
19110,Worthlessness
19111,Tears
19112,Anxiety
19113,Anxiety
19114,Tears
19115,Stress
19116,Worthlessness
19117,Pain
19118,Tears
19119,Anxiety
19120,Worthlessness
19121,Nausea
19122,Pain
19123,Anxiety
19124,Worthlessness
19125,Despair
19126,Nausea
19127,Tears
19128,Dread
19129,Despair
19130,Stress
19131,Death
19132,Nausea
19133,Anxiety
19134,Stress
19135,Tears
19136,Stress
19137,Fatigue
19138,Anxiety
19139,Despair
19140,Fatigue
19141,Dread
19142,Dread
19143,Pain
19144,Stress
19145,Pain
19146,Tears
19147,Dread
19148,Pain
19149,Worthlessness
19150,Tears
19151,Worthlessness
19152,Pain
19153,Worthlessness
19154,Pain
19155,Dread
19156,Tears
19157,Pain
19158,Nausea
19159,Worthlessness
19160,Despair
19161,Worthlessness
19162,Fatigue
19163,Dread
19164,Stress
19165,Fatigue
19166,Pain
19167,Nausea
19168,Stress
19169,Worthlessness
19170,Tears
19171,Pain
19172,Tears
19173,Tears
19174,Fatigue
19175,Dread
19176,Despair
19177,Nausea
19178,Anxiety
19179,Stress
19180,Fatigue
19181,Nausea
19182,Pain
19183,Death
19184,Despair
19185,Dread
19186,Despair
19187,Tears
19188,Worthlessness
19189,Tears
19190,Anxiety
19191,Dread
19192,Worthlessness
19193,Stress
19194,Dread
19195,Worthlessness
19196,Tears
19197,Fatigue
19198,Death
19199,Death
19200,Death
19201,Fatigue
19202,Worthlessness
19203,Fatigue
19204,Despair
19205,Dread
19206,Death
19207,Fatigue
19208,Fatigue
19209,Stress
19210,Dread
19211,Dread
19212,Dread
19213,Fatigue
19214,Pain
19215,Despair
19216,Death
19217,Tears
19218,Despair
19219,Worthlessness
19220,Anxiety
19221,Worthlessness
19222,Death
19223,Tears
19224,Death
19225,Worthlessness
19226,Anxiety
19227,Tears
19228,Stress
19229,Anxiety
19230,Death
19231,Dread
19232,Anxiety
19233,Tears
19234,Fatigue
19235,Fatigue
19236,Worthlessness
19237,Worthlessness
19238,Worthlessness
19239,Nausea
19240,Dread
19241,Fatigue
19242,Nausea
19243,Dread
19244,Dread
19245,Pain
19246,Stress
19247,Death
19248,Pain
19249,Worthlessness
19250,Nausea
19251,Stress
19252,Dread
19253,Pain
19254,Death
19255,Anxiety
19256,Nausea
19257,Fatigue
19258,Anxiety
19259,Anxiety
19260,Pain
19261,Stress
19262,Stress
19263,Tears
19264,Stress
19265,Stress
19266,Death
19267,Nausea
19268,Death
19269,Stress
19270,Stress
19271,Despair
19272,Tears
19273,Fatigue
19274,Worthlessness
19275,Fatigue
19276,Tears
19277,Tears
19278,Fatigue
19279,Death
19280,Death
19281,Nausea
19282,Despair
19283,Nausea
19284,Dread
19285,Dread
19286,Anxiety
19287,Fatigue
19288,Pain
19289,Dread
19290,Anxiety
19291,Pain
19292,Death
19293,Stress
19294,Dread
19295,Stress
19296,Death
19297,Fatigue
19298,Fatigue
19299,Fatigue
19300,Anxiety
19301,Tears
19302,Tears
19303,Stress
19304,Stress
19305,Pain
19306,Pain
19307,Worthlessness
19308,Tears
19309,Nausea
19310,Stress
19311,Anxiety
19312,Anxiety
19313,Anxiety
19314,Fatigue
19315,Death
19316,Nausea
19317,Worthlessness
19318,Nausea
19319,Fatigue
19320,Anxiety
19321,Tears
19322,Fatigue
19323,Despair
19324,Nausea
19325,Death
19326,Pain
19327,Worthlessness
19328,Nausea
19329,Despair
19330,Death
19331,Despair
19332,Despair
19333,Death
19334,Death
19335,Anxiety
19336,Despair
19337,Stress
19338,Worthlessness
19339,Stress
19340,Worthlessness
19341,Fatigue
19342,Worthlessness
19343,Nausea
19344,Stress
19345,Fatigue
19346,Tears
19347,Death
19348,Despair
19349,Fatigue
19350,Despair
19351,Dread
19352,Death
19353,Despair
19354,Death
19355,Death
19356,Pain
19357,Stress
19358,Despair
19359,Pain
19360,Despair
19361,Anxiety
19362,Dread
19363,Despair
19364,Nausea
19365,Tears
19366,Pain
19367,Despair
19368,Worthlessness
19369,Death
19370,Anxiety
19371,Anxiety
19372,Despair
19373,Dread
19374,Anxiety
19375,Stress
19376,Death
19377,Anxiety
19378,Stress
19379,Anxiety
19380,Despair
19381,Tears
19382,Stress
19383,Fatigue
19384,Stress
19385,Fatigue
19386,Pain
19387,Stress
19388,Despair
19389,Dread
19390,Dread
19391,Stress
19392,Death
19393,Nausea
19394,Nausea
19395,Fatigue
19396,Tears
19397,Death
19398,Anxiety
19399,Dread
19400,Despair
19401,Death
19402,Stress
19403,Despair
19404,Despair
19405,Death
19406,Anxiety
19407,Worthlessness
19408,Fatigue
19409,Despair
19410,Anxiety
19411,Stress
19412,Worthlessness
19413,Fatigue
19414,Fatigue
19415,Fatigue
19416,Stress
19417,Tears
19418,Stress
19419,Fatigue
19420,Pain
19421,Dread
19422,Despair
19423,Despair
19424,Worthlessness
19425,Dread
19426,Stress
19427,Fatigue
19428,Death
19429,Death
19430,Dread
19431,Death
19432,Pain
19433,Pain
19434,Nausea
19435,Stress
19436,Pain
19437,Worthlessness
19438,Despair
19439,Fatigue
19440,Fatigue
19441,Dread
19442,Stress
19443,Death
19444,Fatigue
19445,Nausea
19446,Pain
19447,Stress
19448,Stress
19449,Despair
19450,Pain
19451,Stress
19452,Anxiety
19453,Tears
19454,Dread
19455,Worthlessness
19456,Tears
19457,Dread
19458,Tears
19459,Anxiety
19460,Nausea
19461,Tears
19462,Pain
19463,Pain
19464,Stress
19465,Anxiety
19466,Anxiety
19467,Fatigue
19468,Stress
19469,Pain
19470,Pain
19471,Nausea
19472,Worthlessness
19473,Worthlessness
19474,Worthlessness
19475,Anxiety
19476,Despair
19477,Nausea
19478,Despair
19479,Death
19480,Worthlessness
19481,Stress
19482,Pain
19483,Stress
19484,Despair
19485,Worthlessness
19486,Death
19487,Tears
19488,Tears
19489,Fatigue
19490,Fatigue
19491,Despair
19492,Despair
19493,Dread
19494,Nausea
19495,Worthlessness
19496,Death
19497,Anxiety
19498,Worthlessness
19499,Dread
19500,Pain
19501,Nausea
19502,Fatigue
19503,Pain
19504,Anxiety
19505,Worthlessness
19506,Tears
19507,Despair
19508,Despair
19509,Fatigue
19510,Nausea
19511,Despair
19512,Pain
19513,Worthlessness
19514,Pain
19515,Tears
19516,Pain
19517,Death
19518,Dread
19519,Pain
19520,Anxiety
19521,Fatigue
19522,Tears
19523,Death
19524,Pain
19525,Worthlessness
19526,Fatigue
19527,Stress
19528,Fatigue
19529,Tears
19530,Tears
19531,Death
19532,Tears
19533,Nausea
19534,Stress
19535,Tears
19536,Death
19537,Worthlessness
19538,Death
19539,Stress
19540,Stress
19541,Fatigue
19542,Pain
19543,Fatigue
19544,Despair
19545,Pain
19546,Anxiety
19547,Death
19548,Anxiety
19549,Worthlessness
19550,Fatigue
19551,Dread
19552,Pain
19553,Worthlessness
19554,Dread
19555,Nausea
19556,Anxiety
19557,Death
19558,Anxiety
19559,Nausea
19560,Tears
19561,Fatigue
19562,Dread
19563,Tears
19564,Worthlessness
19565,Stress
19566,Pain
19567,Tears
19568,Worthlessness
19569,Tears
19570,Pain
19571,Pain
19572,Worthlessness
19573,Death
19574,Tears
19575,Death
19576,Dread
19577,Despair
19578,Nausea
19579,Stress
19580,Tears
19581,Despair
19582,Anxiety
19583,Tears
19584,Fatigue
19585,Death
19586,Tears
19587,Pain
19588,Tears
19589,Dread
19590,Fatigue
19591,Pain
19592,Fatigue
19593,Despair
19594,Dread
19595,Death
19596,Death
19597,Fatigue
19598,Dread
19599,Despair
19600,Pain
19601,Death
19602,Anxiety
19603,Fatigue
19604,Nausea
19605,Death
19606,Despair
19607,Fatigue
19608,Stress
19609,Pain
19610,Dread
19611,Stress
19612,Nausea
19613,Fatigue
19614,Fatigue
19615,Anxiety
19616,Despair
19617,Despair
19618,Death
19619,Nausea
19620,Tears
19621,Anxiety
19622,Anxiety
19623,Fatigue
19624,Death
19625,Tears
19626,Anxiety
19627,Despair
19628,Stress
19629,Stress
19630,Nausea
19631,Death
19632,Nausea
19633,Death
19634,Nausea
19635,Tears
19636,Anxiety
19637,Fatigue
19638,Nausea
19639,Worthlessness
19640,Death
19641,Fatigue
19642,Tears
19643,Death
19644,Stress
19645,Despair
19646,Anxiety
19647,Death
19648,Despair
19649,Fatigue
19650,Worthlessness
19651,Despair
19652,Tears
19653,Death
19654,Fatigue
19655,Dread
19656,Anxiety
19657,Anxiety
19658,Stress
19659,Tears
19660,Anxiety
19661,Anxiety
19662,Fatigue
19663,Worthlessness
19664,Dread
19665,Tears
19666,Stress
19667,Tears
19668,Death
19669,Fatigue
19670,Worthlessness
19671,Despair
19672,Worthlessness
19673,Worthlessness
19674,Fatigue
19675,Stress
19676,Despair
19677,Worthlessness
19678,Pain
19679,Fatigue
19680,Fatigue
19681,Anxiety
19682,Death
19683,Death
19684,Stress
19685,Despair
19686,Stress
19687,Nausea
19688,Tears
19689,Despair
19690,Anxiety
19691,Tears
19692,Tears
19693,Nausea
19694,Stress
19695,Stress
19696,Stress
19697,Stress
19698,Tears
19699,Dread
19700,Anxiety
19701,Tears
19702,Worthlessness
19703,Despair
19704,Nausea
19705,Despair
19706,Worthlessness
19707,Despair
19708,Dread
19709,Death
19710,Death
19711,Stress
19712,Anxiety
19713,Fatigue
19714,Worthlessness
19715,Nausea
19716,Nausea
19717,Pain
19718,Worthlessness
19719,Fatigue
19720,Despair
19721,Dread
19722,Despair
19723,Fatigue
19724,Death
19725,Dread
19726,Nausea
19727,Death
19728,Death
19729,Pain
19730,Anxiety
19731,Fatigue
19732,Death
19733,Fatigue
19734,Despair
19735,Nausea
19736,Despair
19737,Worthlessness
19738,Worthlessness
19739,Anxiety
19740,Nausea
19741,Worthlessness
19742,Fatigue
19743,Anxiety
19744,Tears
19745,Dread
19746,Dread
19747,Stress
19748,Nausea
19749,Tears
19750,Pain
19751,Fatigue
19752,Worthlessness
19753,Death
19754,Despair
19755,Despair
19756,Nausea
19757,Despair
19758,Worthlessness
19759,Anxiety
19760,Anxiety
19761,Pain
19762,Anxiety
19763,Tears
19764,Worthlessness
19765,Dread
19766,Anxiety
19767,Death
19768,Pain
19769,Despair
19770,Stress
19771,Dread
19772,Pain
19773,Dread
19774,Worthlessness
19775,Despair
19776,Dread
19777,Death
19778,Tears
19779,Death
19780,Anxiety
19781,Death
19782,Anxiety
19783,Tears
19784,Death
19785,Worthlessness
19786,Anxiety
19787,Fatigue
19788,Despair
19789,Despair
19790,Despair
19791,Pain
19792,Nausea
19793,Dread
19794,Dread
19795,Dread
19796,Despair
19797,Worthlessness
19798,Tears
19799,Despair
19800,Dread
19801,Worthlessness
19802,Tears
19803,Nausea
19804,Dread
19805,Pain
19806,Worthlessness
19807,Nausea
19808,Stress
19809,Tears
19810,Fatigue
19811,Dread
19812,Pain
19813,Tears
19814,Dread
19815,Fatigue
19816,Pain
19817,Anxiety
19818,Stress
19819,Worthlessness
19820,Worthlessness
19821,Worthlessness
19822,Worthlessness
19823,Stress
19824,Despair
19825,Stress
19826,Worthlessness
19827,Tears
19828,Pain
19829,Pain
19830,Fatigue
19831,Anxiety
19832,Death
19833,Nausea
19834,Dread
19835,Tears
19836,Worthlessness
19837,Nausea
19838,Death
19839,Pain
19840,Stress
19841,Fatigue
19842,Worthlessness
19843,Pain
19844,Despair
19845,Tears
19846,Death
19847,Pain
19848,Pain
19849,Death
19850,Death
19851,Dread
19852,Nausea
19853,Worthlessness
19854,Despair
19855,Fatigue
19856,Nausea
19857,Death
19858,Worthlessness
19859,Tears
19860,Pain
19861,Dread
19862,Fatigue
19863,Despair
19864,Stress
19865,Fatigue
19866,Anxiety
19867,Despair
19868,Death
19869,Worthlessness
19870,Nausea
19871,Dread
19872,Tears
19873,Nausea
19874,Death
19875,Dread
19876,Dread
19877,Anxiety
19878,Dread
19879,Stress
19880,Anxiety
19881,Pain
19882,Fatigue
19883,Pain
19884,Nausea
19885,Stress
19886,Dread
19887,Death
19888,Tears
19889,Pain
19890,Despair
19891,Fatigue
19892,Dread
19893,Nausea
19894,Despair
19895,Worthlessness
19896,Worthlessness
19897,Pain
19898,Stress
19899,Tears
19900,Tears
19901,Pain
19902,Fatigue
19903,Nausea
19904,Nausea
19905,Despair
19906,Dread
19907,Stress
19908,Dread
19909,Pain
19910,Despair
19911,Worthlessness
19912,Dread
19913,Dread
19914,Fatigue
19915,Death
19916,Despair
19917,Fatigue
19918,Worthlessness
19919,Tears
19920,Anxiety
19921,Worthlessness
19922,Despair
19923,Stress
19924,Pain
19925,Anxiety
19926,Death
19927,Despair
19928,Despair
19929,Pain
19930,Despair
19931,Death
19932,Dread
19933,Stress
19934,Fatigue
19935,Fatigue
19936,Dread
19937,Dread
19938,Pain
19939,Anxiety
19940,Despair
19941,Fatigue
19942,Fatigue
19943,Pain
19944,Dread
19945,Anxiety
19946,Despair
19947,Pain
19948,Stress
19949,Tears
19950,Death
19951,Despair
19952,Dread
19953,Despair
19954,Tears
19955,Dread
19956,Pain
19957,Fatigue
19958,Despair
19959,Despair
19960,Fatigue
19961,Tears
19962,Death
19963,Dread
19964,Despair
19965,Tears
19966,Anxiety
19967,Anxiety
19968,Nausea
19969,Fatigue
19970,Worthlessness
19971,Despair
19972,Fatigue
19973,Despair
19974,Nausea
19975,Stress
19976,Despair
19977,Anxiety
19978,Stress
19979,Death
19980,Death
19981,Fatigue
19982,Death
19983,Tears
19984,Death
19985,Tears
19986,Worthlessness
19987,Fatigue
19988,Despair
19989,Worthlessness
19990,Dread
19991,Dread
19992,Death
19993,Death
19994,Tears
19995,Despair
19996,Despair
19997,Anxiety
19998,Tears
19999,Tears
